FName(String),LName(String),AreaCode(String),Phone(String),City(String),State(String),Zip(Integer),MaritalStatus(String),HasChild(String),Salary(Integer),Rate(Float),SingleExemp(Integer),ChildExemp(Integer)
Neveenta,Abouzahra,719,138-1545,ROGGEN,CO,80652,M,N,69500,4.63,0,0
Luigia,Kupsch,304,110-1433,WHARTON,WV,25208,M,N,38500,4.995,0,0
Pavani,Bist,307,129-1557,LARAMIE,WY,82070,S,Y,96000,0,0,0
Maiko,Slyke,276,162-1186,BRIDGEWATER,VA,22812,S,Y,26000,5.75,900,900
Azeddine,Murta,801,139-1767,LOGAN,UT,84323,M,Y,57500,7,0,2475
Cemal,Prodiner,208,166-1940,EMMETT,ID,83617,M,N,70000,7.8,0,0
Leone,Kumaran,562,105-1032,GARDENA,CA,90247,M,Y,69000,9.3,0,272
Zhenzhou,Orponnen,202,130-1203,WASHINGTON,DC,20202,S,N,6000,4.5,1370,0
Samir,Borzovs,208,141-1487,BONNERS FERRY,ID,83805,M,N,91500,7.8,0,0
Montserrat,Vrancken,618,129-1152,SAINT CHARLES,IL,60175,S,Y,17000,3,2000,2000
Sarita,Minka,339,157-1885,HATFIELD,MA,1038,M,N,56500,5.3,0,0
Ronghao,Bolzoni,931,100-1623,LEXINGTON,TN,38351,S,Y,12500,0,0,0
Paulo,Isaac,501,187-1015,PYATT,AR,72672,M,N,23500,5.8048286,0,0
Shridhar,Giaretta,318,195-1518,KELLY,LA,71441,M,N,35500,6,0,0
Weiyi,Haznedar,509,189-1916,SHAW ISLAND,WA,98286,M,N,87500,0,0,0
Ruddy,Millo,213,166-1590,MOUNTAIN VIEW,CA,94043,S,Y,87500,9.3,87,272
Fredric,Gran,208,124-1152,MAY,ID,83253,M,N,34500,7.8,0,0
Mingjian,Berc,202,188-1961,WASHINGTON,DC,20422,M,N,95500,9,0,0
Masaharu,Bear,x07,165-1992,ELIM,AK,99739,S,Y,32000,0,0,0
Gladys,Laver,802,146-1570,SAINT ALBANS BAY,VT,5481,S,Y,74500,4.4873376,3300,3300
Astrid,Edmondson,563,110-1538,ARLINGTON,IA,50606,M,N,10500,1.7850626,0,0
Andreas,Alfaro,505,120-1543,TOHATCHI,NM,87325,M,N,91000,5.3,0,0
Fredo,Niittylahti,775,157-1084,EUREKA,NV,89316,M,N,51500,0,0,0
Vangelis,Debelack,701,160-1183,MANDAREE,ND,58757,M,N,55000,2.3932838,0,0
Junho,Conti,802,151-1997,PERU,VT,5152,S,Y,91000,4.815613,3300,3300
Tuija,Vickson,517,112-1226,KALAMAZOO,MI,49005,M,N,89000,3.9,0,0
Filipp,Brownrigg,262,114-1342,KOHLER,WI,53044,S,Y,93000,6.062292,700,400
Ingbert,Pierce,619,152-2072,SANTA PAULA,CA,93061,S,Y,84500,9.3,87,272
Raymonde,Lunn,860,118-1828,NORWALK,CT,6854,M,N,48000,5,0,0
Hal,Koitz,334,156-1635,LOWNDESBORO,AL,36752,S,N,30000,5,1500,0
Mou,Johannesen,712,151-1279,BAYARD,IA,50029,M,N,71500,8.98,0,0
HweeHwa,Brockman,412,126-1049,WEST CHESTER,PA,19382,M,N,68000,3.07,0,0
Bingning,Cline,802,109-1436,HIGHGATE CENTER,VT,5459,S,Y,29500,3.6,3300,3300
Peiwei,Pfening,337,102-1225,BATON ROUGE,LA,70811,M,N,89000,6,0,0
Rudy,Hasker,801,181-2009,BERYL,UT,84714,M,N,6500,7,0,0
Greta,Fedou,207,160-1083,BURLINGTON,ME,4417,M,N,60500,8.5,0,0
Traugot,Kawakami,785,115-1242,ROZEL,KS,67574,M,N,99500,6.45,0,0
Lisandro,Heggernes,202,156-1380,WASHINGTON,DC,20078,S,Y,500,4.5,1370,1370
Djemal,Terral,701,183-2011,MINOT AFB,ND,58704,S,Y,82500,2.7120707,3300,3300
Huihuang,Parashar,410,193-1054,SOUTHERN MD FACILITY,MD,20697,M,N,92000,4.75,0,0
Jiazhen,Wolniewicz,903,170-1965,DALLAS,TX,75204,S,Y,21000,0,0,0
Yoko,Glymour,401,166-1190,NORTH KINGSTOWN,RI,2852,M,N,19500,0,0,0
Mitsutoshi,Costake,513,142-1238,COAL RUN,OH,45721,M,N,33000,1.6414565,0,0
Merce,Ezeife,901,183-1956,SPRING HILL,TN,37174,M,N,500,0,0,0
Otilia,Khachiyan,907,122-2032,AKIAK,AK,99552,M,N,76500,0,0,0
Hatsukazu,Boe,351,180-1003,DIGHTON,MA,2715,M,N,97500,5.3,0,0
Nazife,Tata,302,160-1988,SELBYVILLE,DE,19975,M,N,40000,4.586364,0,0
Goutam,Siepmann,860,135-2008,STERLING,CT,6377,S,Y,65000,5,12750,0
Mateo,Katzberg,937,132-1360,WARREN,OH,44486,S,Y,55500,2.3883412,1300,1300
Basil,Gibbs,907,177-1001,ATQASUK,IN,99791,S,Y,48000,0,0,0
Galia,Bodagala,313,199-1026,ELLSWORTH,MI,49729,M,N,72500,3.9,0,0
Armstrong,Newson,970,159-1738,AURORA,CO,80018,S,Y,500,4.63,0,0
Shimshon,Protasov,907,116-1961,KODIAK,AK,99615,S,Y,73000,0,0,0
Yashishi,Brodman,320,105-1829,VIRGINIA,MN,55792,M,N,33500,6.0431695,0,0
Shianyow,Aluja,701,100-1427,FARGO,ND,58109,S,Y,100000,1.9402103,3300,3300
Josyula,Rosenbohm,304,104-2027,RUPERT,WV,25984,M,N,24500,4.015,0,0
Mitsushi,Oxman,808,154-1399,PAHOA,HI,96778,M,N,16500,4.013816,0,0
Adham,Kubela,270,155-1079,FREDONIA,KY,42411,S,Y,65500,5.4722223,20,20
Amit,Kieras,x08,123-1500,BOELUS,NE,68820,M,N,25500,6.662407,0,0
Hendry,Wurman,712,151-1574,NORA SPRINGS,IA,50458,M,N,94500,8.98,0,0
Gerlinde,Noot,302,132-1760,WILMINGTON,DE,19880,M,x,71500,5.95,0,0
Jake,Pope,210,147-1670,AUSTIN,TX,78768,M,N,41000,0,0,0
Gail,Friman,620,138-1534,TOPEKA,KS,66603,S,N,19500,4.385,2250,0
Diamantino,Guinther,662,192-1415,FLORA,MS,39071,M,N,17500,5,0,0
Bertjan,Alter,603,126-1821,EATON CENTER,NH,3832,S,Y,98000,0,0,0
Jaihie,Kosecka,260,124-1147,CLARKS HILL,IN,47930,S,N,98000,3.4,1000,0
Phipps,Kaib,314,169-1397,MEADVILLE,MO,64659,M,N,7000,4.875,0,0
Lucia,Dage,802,125-1048,BRADFORD,VT,5033,M,N,48000,3.9601078,0,0
Luigia,Annaratone,479,102-1930,BEECH GROVE,AR,72412,S,Y,38500,7,20,20
Shuo,Heinisuo,406,100-2024,ACTON,MT,59002,S,Y,39000,6.9,1900,1900
Rayadurgam,Gautschi,701,156-2057,FARGO,ND,58125,M,N,90500,2.8048086,0,0
Xiong,Shilling,860,124-1547,PLYMOUTH,CT,6782,M,N,46500,5,0,0
Inderjeet,Krauter,202,110-1620,WASHINGTON,DC,20036,S,Y,35000,9,1370,1370
Samual,Atrawala,205,116-1196,DANVILLE,AL,35619,M,N,29500,5,0,0
Fazli,Noltemeier,701,136-1361,WING,ND,58494,S,Y,46000,2.2889535,3300,3300
Jaakko,Leder,520,140-1143,CIBECUE,AZ,85911,S,Y,77500,3.91625,2100,2300
Annick,Galtieli,808,130-1x58,KOLOA,HI,96756,S,Y,69500,8.25,1040,1040
Yuriy,Ehlers,202,166-1690,WASHINGTON,DC,20250,S,Y,95500,9,1370,1370
Qiwen,Staff,907,121-1904,TAKOTNA,AK,99675,S,Y,62000,0,0,0
Jesper,Daya,802,139-1063,WOLCOTT,VT,5680,M,N,46000,3.920317,0,0
Raimundo,Kasprzak,435,124-1567,ALPINE,UT,84004,M,N,33000,7,0,0
Suzette,Natrajan,985,100-1724,INDEPENDENCE,LA,70443,S,Y,19500,4.24,4500,1000
Guijun,Sakallah,814,160-1820,CENTERPORT,PA,19516,M,N,84000,3.07,0,0
Yulin,Crestin,405,135-1156,CANEY,OK,74533,S,Y,40500,6.25,1000,1000
Pal,Nissenbaum,574,162-1358,BELLMORE,IN,47830,M,N,82500,3.4,0,0
Guangshun,Kolaitis,202,111-1335,PARCEL RETURN SERVICE,Dx,56944,M,Y,22000,7.2,0,1370
Dilian,Hochsprung,620,176-1801,TOPEKA,KS,66637,S,Y,70500,6.45,2250,2250
Abdesselam,Bergin,504,160-1056,BATON ROUGE,LA,70873,S,Y,50000,6,4500,1000
Dawn,Demeyer,256,199-1327,HUNTSVILLE,AL,35801,M,N,68500,5,0,0
Ina,Pecuchet,484,136-1639,CYCLONE,PA,16726,M,N,56000,3.07,0,0
Jef,Tyugu,860,185-1713,UNIONVILLE,CT,6085,S,Y,58000,5,12750,0
Masahiro,Weissberg,802,170-1343,SPRINGFIELD,VT,5156,M,N,35000,3.7014668,0,0
Lianwen,Raha,803,122-1833,UNION,SC,29379,M,N,10000,5.752432,0,0
Youngsong,Schappert,862,192-1115,HEISLERVILLE,NJ,8324,M,N,22500,1.439427,0,0
Pao,Hiramatsu,623,177-1005,NORTH RIM,AZ,86052,M,N,27000,3.1334999,0,0
Zhong,Kakuda,608,109-1033,MADISON,WI,53794,M,N,25000,4.880782,0,0
Raf,Serpell,864,152-2080,SALUDA,SC,29138,S,Y,2500,2.5,3300,3300
Sudharsan,Bolzoni,316,176-1296,ADMIRE,KS,66830,M,N,38500,6.45,0,0
Ming,Nagano,970,122-1378,ALLENSPARK,CO,80510,M,N,7000,4.63,0,0
Mitsunori,Greve,270,139-1163,LACKEY,KY,41643,S,Y,48000,4.5,20,20
Handong,Dawood,641,122-1450,RAYMOND,IA,50667,S,Y,21000,3.4060307,40,40
Ilka,Nassef,512,110-1533,YANTIS,TX,75497,M,N,86000,0,0,0
Jefferson,Carroll,920,115-1475,FALL RIVER,WI,53932,S,Y,52000,5.349911,700,400
Safa,Mizunuma,252,147-1470,THURMOND,NC,28683,M,N,98000,7.7884617,0,0
Rainer,Bottoni,580,160-1870,DEWEY,OK,74029,M,N,94000,6.25,0,0
Dariu,Shihab,307,163-1586,ETNA,WY,83888,M,N,78500,0,0,0
Ilka,Sweeney,787,112-1840,MAYAGUEZ,PR,681,S,Y,43500,0,0,0
Phillippe,Dawood,702,184-1222,RENO,NV,89533,S,Y,1500,0,0,0
Met,Tupikova,603,149-1594,BELMONT,NH,3220,M,N,9000,0,0,0
Kristina,Fauth,907,163-1086,CHIGNIK,AK,99564,M,N,88000,0,0,0
Heping,Lotkin,765,131-1558,DELPHI,IN,46923,M,N,91000,3.4,0,0
Orlando,Cheikes,918,137-1560,GLENPOOL,OK,74033,S,Y,85000,6.25,1000,1000
Nozomu,Meacham,913,134-2041,HAVANA,KS,67347,S,Y,79500,6.45,2250,2250
Biao,Banreuther,860,151-1774,BROOKLYN,CT,6234,M,N,59500,5,0,0
Xuding,Pokoski,401,168-1545,HOPE,RI,2831,M,N,66500,0,0,0
Badrinath,Henders,206,160-1139,SEATTLE,WA,98102,S,Y,500,0,0,0
Yudong,Kokeny,207,146-1591,BUCKSPORT,ME,4416,S,Y,19000,8.5,2850,2850
Yunghsiang,Jansch,906,179-1602,DETROIT,MI,48205,S,Y,1000,3.9,3100,3100
Surajit,Reuter,253,186-1014,EVERETT,WA,98203,M,N,98000,0,0,0
Uta,Osmon,818,189-1763,INGLEWOOD,CA,90306,M,N,65500,9.3,0,0
Shinkyu,Meyers,551,181-1909,HARRINGTON PARK,NJ,7640,S,Y,39500,8.7075382,1000,1500
Vasilis,Yahyapour,701,159-1673,NEW LEIPZIG,ND,58562,M,N,3500,2.1,0,0
Yuriko,Greca,401,150-1578,GLENDALE,RI,2826,M,N,62000,0,0,0
Hisayuki,Iacobetz,202,145-1324,WASHINGTON NAVY YARD,DC,20376,M,Y,96500,9,0,0
Carmelo,Bultermann,270,135-1545,DEXTER,KY,42036,S,Y,54000,4.833333,20,20
Reiner,Frederiksen,202,118-1142,WASHINGTON,DC,20407,S,Y,85000,9,1370,1370
Michelle,Mussa,785,137-1965,NICKERSON,KS,67561,M,N,76500,6.45,0,0
Darice,Louka,314,111-1435,MONTGOMERY CITY,MO,63361,S,Y,71500,6,2100,1200
Jinxi,Postiff,307,144-1011,DUBOIS,WY,82513,M,N,33000,0,0,0
Rockford,Parnas,432,137-1851,FORT WORTH,TX,76110,S,Y,5000,0,0,0
Mauno,Vanwelkenhuysen,401,154-2081,RIVERSIDE,RI,2915,S,Y,42500,0,0,0
Rudiger,Reith,541,174-1413,CRESCENT,OR,97733,S,N,57000,9,159,0
Anup,Levcopoulos,304,172-1400,PARKERSBURG,WV,26102,M,N,49000,5.73,0,0
Apkar,Chilukuri,228,174-1897,HATTIESBURG,MS,39401,S,Y,5500,3.2,6000,1500
Aviezri,Osgood,252,156-1783,BLOWING ROCK,NC,28605,S,N,18000,6.11014,3300,0
Aino,Kohnert,308,176-1500,BINGHAM,MS,69335,M,N,18000,5.3304567,0,0
Giulia,Braham,435,196-1523,OGDEN,UT,84402,S,Y,49500,7,2475,2475
JongMin,Desanctis,601,122-1345,CLINTON,MS,39060,M,N,30500,5,0,0
Akis,Mishkin,336,182-1609,PANTEGO,NC,27860,S,Y,49000,6.7604895,3300,3300
Kaivalya,Kaeli,804,160-2084,EXMORE,VA,23350,M,N,77500,5.75,0,0
Jongwon,Wessel,307,158-2086,HANNA,WY,82327,S,N,59000,0,0,0
Bella,Thackray,443,148-1671,CROFTON,MD,21114,S,Y,74000,4.75,2400,2400
Yiping,Jurdjevic,228,136-1364,JAYExx,MS,39641,S,Y,76500,5,6000,1500
Maylun,Fontana,859,179-2002,VICCO,KY,41773,S,Y,83500,6,20,20
Saturnino,Karczmarczuk,339,173-1000,NORTH UXBRIDGE,MA,1538,S,Y,8500,5.3,3575,1000
Chitresh,Linnainmaa,501,125-1348,WARREN,AR,71671,S,Y,24000,5.9243455,20,20
Stuart,Lafond,404,147-1775,LAWRENCEVILLE,GA,30046,M,N,89500,6,0,0
Pascale,Musselman,203,188-1508,STERLING,CT,6377,M,N,66500,5,0,0
Jinwoo,Yoccoz,562,180-1487,EDWARDS,CA,93523,S,Y,76000,9.3,87,272
Kazue,Kayssi,435,114-1837,CLEVELAND,UT,84518,S,Y,52500,7,2475,2475
Marilynn,Luttringhaus,405,183-1411,CROWDER,WY,74430,S,N,28500,6.25,1000,0
Viv,DuCasse,808,175-1299,HAWI,HI,96719,S,Y,94500,8.25,1040,1040
Kaname,Bouguettaya,251,124-1634,MONTGOMERY,AL,36113,S,Y,10500,5,1500,300
Jianzhang,Munawer,843,141-1964,REMBERT,SC,29128,M,N,22000,7,0,0
Silvano,Newbery,207,159-1087,BROWNVILLE,ME,4414,S,Y,3500,2,2850,2850
Tinghe,Kobara,302,105-1644,LINCOLN,DE,19960,M,N,50500,5.302273,0,0
Peretz,Usoh,701,162-1390,BELFIELD,ND,58622,M,N,4000,2.1,0,0
Biao,Bellone,205,147-1071,FORT DAVIS,AL,36031,S,Y,61500,5,1500,300
Femi,Andreasen,918,187-1015,LEFLORE,OK,74942,S,Y,89500,6.25,1000,1000
Mybrid,Templeman,435,191-1182,MYTON,UT,84052,S,Y,44000,7,2475,2475
Wiebe,Sitver,563,154-1381,DES MOINES,IA,50306,M,N,96500,8.98,0,0
Zarko,Thiry,660,134-1057,SPRINGFIELD,MO,65899,S,Y,36500,6,2100,1200
Xuedong,Barnhill,989,151-1279,ANN ARBOR,MI,48105,S,Y,46000,3.9,3100,3100
Jichang,Shekhar,914,128-2051,BEAVER FALLS,NY,13305,S,Y,24000,4.092683,0,1000
Lotte,Prenel,662,191-2036,WOODLAND,MS,39776,S,Y,14500,5,6000,1500
Yookun,DeJean,207,166-1339,ESTCOURT STATION,ME,4741,M,N,94500,8.5,0,0
Leyuan,Mandelberg,414,136-1563,BARRON,WI,54812,M,N,56500,5.428099,0,0
Nailja,Womann,202,187-1460,WASHINGTON,DC,20414,S,Y,3000,4.5,1370,1370
Saulo,Darroux,620,186-1414,MANTER,KS,66535,M,N,16500,3.795,0,0
Yechezkel,Boe,787,159-1116,CANOVANAS,PR,729,S,Y,73000,0,0,0
Cristiano,Siddall,302,159-1385,HOCKESSIN,DE,19707,M,N,59000,5.881818,0,0
Aenne,Felder,815,112-1035,CROSSVILLE,IL,62827,S,N,89000,3,2000,0
Niranjan,Antoy,717,195-1622,MONTANDON,PA,17850,M,N,16500,3.07,0,0
Filippo,Sigal,802,121-1945,MIDDLEBURY,VT,5753,S,Y,89000,4.7758217,3300,3300
Balaji,Grigsby,618,172-1200,GLEN ELLYN,IL,60138,M,N,91000,3,0,0
Smaragda,Hackos,x302,158-1282,FREDERICA,DE,19946,S,Y,33000,4.109091,110,110
Pierluigi,Adlassnig,320,135-1281,PRINCETON,MN,55371,S,Y,80000,7.85,3300,3300
Helge,Bracchi,602,128-2051,DEWEY,AZ,86327,S,Y,10000,2.87,2100,2300
Christine,Blomberg,623,118-1746,BLUE,AZ,85922,S,Y,70000,3.8,2100,2300
Diethelm,Tannenbaum,276,164-1388,BLAIRS,VA,24527,S,N,54000,5.75,900,0
Prince,Carta,318,157-2085,LAFAYETTE,LA,70507,M,N,31500,6,0,0
Jamel,Umeyama,334,150-2088,WILTON,AL,35187,M,N,68500,5,0,0
Krishnan,Hasselbring,240,181-1009,BALTIMORE,MD,21206,M,N,10000,4.75,0,0
Kepa,Schuller,202,190-1413,WASHINGTON,DC,20052,M,N,37000,9,0,0
Erven,Ouhyoung,406,184-1392,RED LODGE,MT,59068,S,Y,4500,2.1189656,1900,1900
Sreerupa,Steffens,601,115-1438,KILMICHAEL,MS,39747,S,Y,63000,5,6000,1500
Thore,Masada,603,168-1896,MADISON,NH,3849,S,Y,8800,0,0,0
Deepali,Ressouche,859,124-1204,BUCKNER,KY,40010,S,Y,81000,6,20,20
Marta,Carli,307,151-1579,TETON VILLAGE,WY,83025,S,Y,11000,0,0,0
Subhasis,Cleary,704,180-1653,CARY,NC,27518,S,Y,14000,6.0262237,3300,3300
Horatiu,Bhashyam,205,195-1523,JACKSONVILLE,AL,36265,S,N,16000,5,1500,0
Shoujie,Morrice,605,148-1872,IROQUOIS,SD,57353,M,N,100000,0,0,0
Krithi,Rilling,202,129-1157,WASHINGTON,DC,20531,M,Y,33000,9,0,1370
Czeslaw,Nooteboom,307,162-2065,GRANGER,WY,82934,S,Y,60000,0,0,0
Hanqing,Meyden,208,103-1231,POCATELLO,ID,83209,S,Y,17000,6.0967813,3300,272
Saewoong,Ernst,304,176-1896,LEVELS,WV,25431,S,Y,72000,6.5,2000,2000
Masayoshi,Glymidakis,540,165-1393,SCHUYLER,VA,22969,M,Y,76000,5.75,0,900
Kiyoharu,Minakawa,515,155-1879,SHEFFIELD,IA,50475,S,Y,81500,8.98,40,40
Goncalo,Vayngrib,515,145-1873,FAIRFAX,IA,52228,M,N,23000,3.7147865,0,0
Vincente,Oettinger,980,112-1535,EDNEYVILLE,NC,28727,M,N,9500,6,0,0
Deganit,Pettorossi,207,173-2001,NORTH WATERBORO,ME,4061,S,Y,1000,2,2850,2850
Taokuan,Anogianakis,605,177-1168,REDFIELD,SD,57469,M,N,8000,0,0,0
Stacie,Kinsman,913,159-2087,PORTIS,KS,67474,M,N,67500,6.45,0,0
Hisashi,Luca,419,136-1159,AKRON,OH,44396,M,N,42500,1.9568077,0,0
Nassrin,Bravoco,563,114-1160,CRESCENT,IA,51526,S,Y,8000,1.3991178,40,40
Matjazc,Kean,215,124-1447,WATERFORD,PA,16441,M,N,39000,3.07,0,0
Tammy,Litzkow,401,119-1647,BRADFORD,RI,2808,S,Y,29500,0,0,0
Karen,Lampen,603,109-1432,ETNA,NH,3750,M,N,16500,0,0,0
Gennady,Stevens,701,105-1110,DES LACS,ND,58733,M,N,95500,2.8627698,0,0
Roby,Rodier,541,136-1559,SENECA,OR,97873,S,Y,63000,9,159,159
Yanbing,Chakroborty,309,196-2023,BRACEVILLE,IL,60407,S,Y,44000,3,2000,2000
Johannes,Speranza,914,178-1402,OVID,NY,14521,S,Y,10000,4.011585,0,1000
Aristotelis,Vijaykrishnan,303,118-2046,RIFLE,CO,81650,M,N,73500,4.63,0,0
Duanning,Cantwell,702,138-2089,LAS VEGAS,NV,89199,M,Y,80000,0,0,0
Armen,Guggino,706,153-1680,KINGS BAY,GA,31547,S,Y,9000,6,2700,3000
Denny,Weedon,818,155-1779,ISLETON,CA,95641,S,Y,28000,6.1183887,87,272
Sidhar,Armando,701,155-1859,PLAZA,ND,58771,M,N,91000,2.8106048,0,0
Tiejun,Erdi,312,157-1781,SAVOY,IL,61874,M,N,19000,3,8,1500
Noordin,Honiden,202,199-1826,WASHINGTON,DC,20428,M,N,5500,4.5,0,0
Aristotelis,Wellman,302,110-2034,WILMINGTON,DE,19884,S,Y,15000,2.8818183,110,110
Adele,Sekino,702,134-1678,VERDI,NV,89439,S,Y,97500,0,0,0
Nadezda,Detro,435,197-1621,LAKETOWN,UT,84038,S,Y,19500,7,2475,2475
Myunghwan,Welker,515,156-1083,DES MOINES,IA,50397,S,Y,65500,8.98,40,40
Carlton,Cronan,605,153-1776,ASTORIA,SD,57213,M,N,1000,0,0,0
Naoki,Pistor,808,123-1251,ELEELE,HI,96705,M,N,50000,8.25,0,0
Chengdian,Aumann,704,174-1877,WINSTON SALEM,NC,27110,S,Y,23500,6.2255244,3300,3300
Onat,Amoura,334,126-1654,MOUNT OLIVE,AL,35117,M,Y,29500,5,0,300
Akhileswaran,Weinstein,253,108-1231,SPANAWAY,WA,98387,S,Y,23000,0,0,0
Hamish,Rothman,503,106-1351,PORTLAND,OR,97286,M,Y,21500,9,0,0
Lilian,Busenberg,231,175-1298,SAGINAW,MI,48604,S,Y,59000,3.9,3100,3100
Carleton,Witkowski,603,120-1048,FRANCESTOWN,NH,3043,M,N,35000,0,0,0
Pekka,Yelavich,605,160-1583,CARTHAGE,SD,57323,S,Y,26000,0,0,0
Manjunath,Shxphxrdson,302,187-1747,NEWARK,DE,19714,M,N,82000,5.95,0,0
Dhiraj,Oxenboll,309,192-1630,SUMMERFIELD,IL,62289,S,Y,14500,3,2000,2000
Naotake,Leufke,413,188-1016,AGAWAM,MA,1001,S,Y,59500,5.3,3575,1000
Sonata,Promhouse,314,141-1764,DEVILS ELBOW,MO,65457,S,Y,73500,6,2100,1200
Soraya,Pappas,661,160-1388,SUGARLOAF,CA,92386,S,Y,19000,3.993694,87,272
Mathematics,Kamphusmann,x234,157-1881,CADIZ,OH,43907,M,N,23000,1.3095077,0,0
Shyhtsun,Milgrom,505,125-1853,LAS CRUCES,NM,88001,S,Y,74000,5.3,3300,3300
Emden,Pichetti,860,175-1798,HAMDEN,CT,6514,M,N,7000,3,0,8
Motoshi,Poesio,907,182-1825,DELTA JUNCTION,AK,99737,M,N,16500,0,0,0
Xiaocong,Karthikeyan,503,141-1079,SCAPPOOSE,OR,97056,S,Y,82000,9,159,159
Karlheinz,Heusler,701,180-1707,LEEDS,ND,58346,S,N,45000,2.2773614,3300,0
Teade,Lueth,606,125-1016,LOUISVILLE,KY,40268,M,N,99000,6,0,8
Bakhadyr,Schaul,775,134-1679,RENO,NV,89555,M,N,29000,0,0,0
Yehudit,Kwedlo,985,151-1874,NEW ORLEANS,LA,70118,S,Y,26500,6,4500,1000
Yiya,Khatri,769,112-1439,LAKESHORE,MS,39558,S,Y,10000,5,6000,1500
Mohamadou,Zongming,307,168-1092,SHIRLEY BASIN,WY,82615,M,N,58000,0,0,0
Aleks,Linnemann,601,168-1306,WATERFORD,MS,38685,S,Y,95500,5,6000,1500
Khurshid,D'Ambra,321,133-1707,ORLANDO,FL,32811,M,N,81500,0,0,0
Iztok,Bazzichi,334,112-1540,BOYKIN,AL,36723,M,N,22500,5,0,0
Sampalli,Simov,605,156-1580,WATERTOWN,SD,57201,S,Y,54000,0,0,0
Prabakar,Kouzes,908,116-1354,FAIR LAWN,NJ,7410,M,N,55000,1.9519792,0,0
Yap,Gumb,719,173-1197,HYGIENE,CO,80533,M,N,3500,4.63,0,0
Carlo,Conia,208,174-1781,CHESTER,ID,83421,M,N,58500,7.8,0,0
Noah,Ebeling,808,139-1262,KEKAHA,HI,96752,S,Y,61000,8.25,1040,1040
Adelheit,Cedeno,704,124-2052,CHARLOTTE,NC,28208,S,Y,68000,7.159091,3300,3300
Mack,Stieger,402,116-1539,TILDEN,NE,15086,S,N,31000,6.84,103,0
Jide,Merani,401,112-1440,FOSTER,RI,2825,S,Y,79000,0,0,0
Nariyasu,Deter,907,102-1064,ARCTIC VILLAGE,AK,99722,M,N,99500,0,0,0
Ashutosh,Welling,605,116-1644,PUKWANA,SD,57370,S,Y,29500,0,0,0
Eiichiro,Balard,787,112-1333,SAN JUAN,PR,928,M,N,14000,0,0,0
Baik,Demner,270,163-1991,LANCASTER,KY,40444,M,N,71500,5.8055553,0,0
Setsuko,Whitt,202,189-1712,WASHINGTON,DC,20444,S,Y,77500,9,1370,1370
Rusong,Louis,319,101-1146,EVANSDALE,IA,50707,S,Y,31500,5.026999,40,40
Eitesu,Minsker,339,158-1881,BROCKTON,MA,2305,M,N,17000,5.3,0,0
Maryam,Thall,605,150-1478,WENTWORTH,SD,57075,S,Y,16500,0,0,0
Hyungill,Kumaran,480,192-1016,SIERRA VISTA,AZ,85636,M,N,60000,3.645,0,0
Terumasa,Yandle,605,164-1191,MILBANK,SD,57252,M,N,63000,0,0,0
Dilvan,Leinwand,864,178-1502,HILTON HEAD ISLAND,SC,606,M,N,36000,7,0,0
Margie,Meurs,808,102-1930,HONOLULU,ID,96821,S,Y,64500,8.25,1040,1040
Hideho,Boari,719,116-1840,DENVER,CO,80265,M,N,92500,4.63,0,0
Yongmin,Nessett,701,136-1863,INKSTER,ND,58244,M,N,7500,2.1,0,0
Wafi,Debuse,563,173-1597,LITTLE SIOUX,IA,51545,S,Y,44000,6.9567227,40,40
Mogens,Mansanne,307,169-2094,BAGGS,WY,82321,S,Y,7000,0,0,0
Lein,Amorim,641,114-1970,WATERLOO,IA,50703,M,N,72500,8.98,0,0
Sairam,Legget,860,148-1476,ONECO,CT,6373,M,N,44000,5,0,0
Selliah,Gong,307,148-1272,ROCK SPRINGS,WY,82901,M,N,85000,0,0,0
Mitsuho,Preteux,916,185-1913,WHITTIER,CA,90609,M,N,4500,1,0,0
Emanuele,Khare,801,119-1043,AXTELL,UT,84621,S,N,46500,7,2475,0
Gang,Sitter,330,144-1472,TREMONT CITY,OH,45372,S,Y,68000,2.803277,1300,1300
Magdi,Dargam,307,149-1972,OSAGE,WY,82723,M,N,34000,0,0,0
Enoch,Sabadini,504,141-2069,NEW ORLEANS,LA,70131,M,N,90000,6,0,0
Janaina,Ohsie,931,124-1414,DANDRIDGE,TN,37725,S,Y,22000,0,0,0
Shahrokh,Haasis,314,132-1577,SAINT ANN,MO,63074,S,Y,16500,6,2100,1200
Hosam,Lingard,630,149-1072,STOY,IL,62464,M,N,89500,3,0,0
Leong,Langholm,808,151-1577,KURTISTOWN,HI,96760,M,N,69000,8.25,0,0
Anandeep,Sanden,636,119-1410,WEATHERBY,MO,64497,M,N,6000,4.3125,0,0
Sulin,Wichlacz,606,125-1952,DUBRE,KY,42731,S,Y,7500,2.25,20,20
Dwight,McAllester,715,148-1072,BRODHEAD,WI,53520,M,N,85000,5.9232907,0,0
Hendry,Tamches,907,143-1171,SKAGWAY,AK,99840,M,Y,10500,0,0,0
Siddharthan,Burkhard,337,176-1099,RUSTON,LA,71273,M,N,51500,6,0,0
Benn,Leverett,435,141-1846,SALT LAKE CITY,UT,84101,S,Y,47000,7,2475,2475
Wuudiann,Lampert,402,153-1732,REPUBLICAN CITY,NE,68971,S,Y,23000,6.2184234,103,103
Josiah,Dilley,912,149-1277,VIDALIA,GA,30475,M,N,38500,6,0,0
Heichun,Antonellis,939,127-1951,FLORIDA,PR,650,S,N,58000,0,0,0
Leighton,Ashton,541,143-1353,PORTLAND,OR,97280,M,N,10000,9,0,0
Vinnakota,Keck,484,105-1901,LAIRDSVILLE,PA,17742,M,N,86000,3.07,0,0
Vanu,Springer,605,102-1230,EDGEMONT,SD,57735,M,N,19500,0,0,0
Miomir,Bartley,505,108-1999,ALBUQUERQUE,NM,87151,M,Y,75500,5.3,0,3300
Abderrahmane,Whiting,702,120-1924,RENO,NV,89502,M,Y,24000,0,0,0
Asif,Zimanyi,802,192-1715,WEST NEWBURY,VT,5085,S,Y,30000,3.6019895,3300,3300
Reiner,Hasenauer,715,144-1272,MILWAUKEE,WI,53218,S,Y,60000,5.488912,700,400
Liyi,Ndiaye,859,181-1204,PRIMROSE,KY,41362,S,Y,52000,4.7222223,20,20
Jay,Ruane,313,113-1241,LA SALLE,MI,48145,S,Y,68000,3.9,3100,3100
Bette,Tomas,516,113-2037,MERRICK,NY,11566,M,N,38000,4.1737804,0,0
Masahiko,Oerlemans,304,183-1049,GLEN EASTON,WV,26039,M,Y,21000,3.77,0,2000
Wellington,Pier,503,173-1997,KEIZER,OR,97307,S,Y,43500,9,159,159
Amaryllis,Boersen,508,161-2088,NORTH ATTLEBORO,MA,2760,M,N,56000,5.3,0,0
Yiorgos,Kosecka,605,152-1575,SELBY,SD,57472,S,Y,50000,0,0,0
Sylvain,Prodrodmidis,979,123-1351,SAN ANTONIO,TX,78219,S,Y,21000,0,0,0
Gianni,Kochskamper,802,134-1357,VERGENNES,VT,5491,S,Y,20500,3.6,3300,3300
Ralf,Wolfram,702,182-1510,LAS VEGAS,NV,89145,S,Y,14500,0,0,0
Yolla,Desel,574,120-1943,NEWPORT,IN,47966,S,Y,35500,3.4,1000,1000
Cara,Sever,443,173-1701,BENEDICT,MD,20612,S,Y,34500,4.75,2400,2400
Karla,Karush,215,173-1197,MAINLAND,PA,19451,M,N,88500,3.07,0,0
Ella,Rivera,646,159-1769,BRONX,NY,10461,S,Y,70500,4.3620424,0,1000
ChuXin,Bonifati,605,107-1430,PARMELEE,SD,57566,S,Y,43500,0,0,0
Papa,Schmies,775,140-1265,ELKO,NV,89801,S,Y,59000,0,0,0
Beatrix,Bernatsky,312,115-2038,CAVE IN ROCK,IL,62919,S,Y,29000,3,2000,2000
Cyr,Galatescu,406,137-1132,POLARIS,MT,59746,S,Y,38500,6.9,1900,1900
Herwig,Abbey,480,173-1696,SIERRA VISTA,AZ,85650,M,N,24500,3.09475,0,0
Shuguang,Halevi,915,111-1039,PASADENA,TX,77508,M,N,5500,0,8,0
Alagu,Reith,775,136-1659,SPARKS,NV,89431,M,N,3500,0,0,0
Amer,Hochgesang,980,106-1934,KITTRELL,NC,27544,M,N,17500,6.0996504,0,0
Sadakazu,Mitchem,316,131-1804,HUDSON,KS,67545,M,N,16000,3.6966667,0,0
Canming,Rivers,505,134-1711,ALBUQUERQUE,NM,87158,S,Y,89000,5.3,3300,3300
Abdullah,Abouzahra,214,190-1313,HART,TX,79043,S,N,28500,0,0,0
Rain,Babcock,636,109-1236,KANSAS CITY,MO,64149,S,Y,66500,6,2100,1200
Rei,Priol,775,139-1662,HENDERSON,NV,89011,S,Y,81000,0,0,0
Yiyun,Dresser,858,148-2075,MENTONE,CA,92359,M,N,70500,9.3,0,0
Wenan,Goodwyn,208,158-1981,PARKER,ID,83438,S,Y,16000,5.8129115,3300,3300
Darrell,Luger,434,151-1978,LITTLE PLYMOUTH,VA,23091,S,Y,69000,5.75,900,900
Hendry,DiGiano,971,174-1148,MULINO,OR,97042,S,Y,59000,9,159,159
Hartmut,Nassar,208,101-1978,RICHFIELD,ID,83349,S,Y,29500,7.8,3300,3300
Geereddy,Pinkerton,630,133-1756,STOY,IL,62464,M,N,2500,3,0,0
Min,Gutz,828,107-1818,KITTRELL,NC,27544,S,Y,65000,7.0961537,3300,3300
Manhoi,Parascandalo,401,199-1472,PERRY,RI,2898,S,Y,12000,0,0,0
Ruizao,Meijer,843,126-2054,TRENTON,SC,29847,M,N,11000,6.190175,0,0
Ashok,Okazaki,269,191-1115,PULLMAN,MI,49450,S,Y,56000,3.9,3100,3100
Curd,Nishimura,301,143-1653,BALTIMORE,MD,21250,S,Y,14500,4.75,2400,2400
Marlin,Nagahisa,270,199-1622,STANLEY,KY,42375,M,Y,62500,5.3055553,0,20
Manish,Kinter,802,104-1832,ORLEANS,VT,5860,S,Y,26500,3.6,3300,3300
Alongkrit,Malavasi,x24,146-1469,ACOSTA,PA,15520,S,Y,42500,3.07,0,0
Egil,Travis,918,162-1070,OKLAHOMA CITY,OK,73137,M,N,81500,6.25,0,0
Lata,Carrico,207,116-1440,SOUTH THOMASTON,ME,4858,S,Y,11500,5.2974453,2850,2850
Hsi,Becraft,864,183-1411,PAULINE,SC,29374,S,N,93000,7,3300,0
Roberta,Thoben,915,161-1985,HOLLAND,TX,76534,M,N,89500,0,0,0
Ramarathnam,Flege,318,115-1158,BATON ROUGE,LA,70823,M,N,2000,2,0,0
Gulrukh,Budzinski,307,165-1339,PINEDALE,WY,82941,M,N,97500,0,0,0
Xiulin,Skaar,989,198-1726,COVERT,MI,49043,S,Y,500,3.9,3100,3100
Francesmary,Roullet,803,158-1219,SARDINIA,SC,29143,S,Y,47500,7,3300,3300
Keiichiro,Costake,276,101-1211,MEHERRIN,VA,23954,S,Y,41500,5.75,900,900
Shikharesh,Ghidini,307,166-1789,BOSLER,WY,82051,S,Y,34000,0,0,0
Noburu,Prill,706,182-2010,MORROW,GA,30260,M,N,54500,6,0,0
Chandrashekar,Vitthal,918,129-1052,BRISTOW,OK,74010,S,Y,75000,6.25,1000,1000
Gyozo,Melzer,808,100-1128,SCHOFIELD BARRACKS,HI,96857,M,N,19500,4.554605,0,0
Bart,Nakakoji,913,191-1612,TOPEKA,KS,66647,S,Y,73500,6.45,2250,2250
Vicenzo,Pichappan,605,129-1357,SIOUX FALLS,SD,57194,S,N,21000,0,0,0
Sahrah,Yokomori,434,187-1011,ROANOKE,VA,24011,M,N,76000,5.75,0,0
Aurora,Stiefeling,401,152-1680,CRANSTON,RI,2920,M,N,51500,0,0,0
Khun,Petrovic,281,165-1288,WINONA,TX,75792,M,N,65000,0,0,0
Dermont,Kubicek,765,119-1547,FORT WAYNE,IN,46854,S,Y,48500,3.4,1000,1000
Justine,Carboni,302,199-1922,NEWARK,DE,19715,S,Y,63000,5.95,110,110
Heonchul,Keeffe,541,165-1575,PORTLAND,OR,97290,S,Y,16000,9,159,159
Tasuro,Dahlhaus,769,199-2056,MC COOL,MS,39108,M,Y,70500,5,0,1500
Spiro,Czap,317,114-1841,INDIANAPOLIS,IN,46228,M,N,32500,3.4,0,0
Krister,Laakso,270,121-1644,BURGIN,KY,40310,M,N,45500,4.361111,0,0
Gaisi,Doggaz,608,133-1661,PARK FALLS,WI,54552,M,N,79000,5.81904,0,0
Kalappa,Kirkerud,203,1x7-1280,SOUTHINGTON,CT,6489,M,N,11500,5,0,0
Janine,Leahy,939,115-1243,ISABELA,PR,662,M,N,44500,0,0,0
Gunhild,Karjoth,307,128-1551,CLEARMONT,WY,82835,M,N,52000,0,0,0
Yuchen,Duspohl,406,109-2016,FROID,MT,59226,M,N,10000,4.916379,0,0
Gurdeep,Justin,951,141-2014,RUNNING SPRINGS,CA,92382,S,Y,52500,9.3,87,272
Henrik,Srimani,864,157-1076,COLUMBIA,SC,29229,S,Y,10500,5.9713035,3300,3300
Palash,Guggino,660,141-2065,BLACKWATER,MO,65322,S,Y,81500,6,2100,1200
Derek,Sundgren,423,163-1064,BUCHANAN,TN,38222,S,Y,54500,0,0,0
Odile,Koers,907,110-1833,CHEFORNAK,AK,99561,M,Y,42500,0,0,0
Dicky,Melter,720,163-1623,MONARCH,CO,81227,M,N,3500,4.63,0,0
Kaniaki,Noack,401,110-2034,LITTLE COMPTON,RI,2837,M,N,83500,0,0,0
Fetima,Smetana,276,112-1512,VIRGILINA,VA,24598,S,Y,2000,2,900,900
Gennoveffa,Dolinsky,210,116-1940,AUSTIN,TX,78701,M,N,29000,0,0,900
Masakazu,Dupre,207,191-1339,MOODY,ME,4054,S,Y,50000,8.5,2850,2850
Tanel,Mintchev,787,129-1480,HUMACAO,PR,792,S,Y,91000,0,0,0
Viera,Dunkel,606,157-1867,OAK GROVE,KY,42262,S,Y,48500,4.5277777,20,20
Dimitrios,Holldobler,774,134-1057,DORCHESTER,MA,2122,S,Y,75500,5.3,3575,1000
Ambuj,Westby,516,185-1013,DENMARK,NY,13631,S,Y,85000,4.4460363,0,1000
Mabhin,Stemmer,307,152-1775,COWLEY,WY,82420,S,Y,19000,0,0,0
Joscha,Nessett,618,149-1653,WILLOWBROOK,IL,60527,S,Y,27000,3,2000,2000
Neven,Salinas,856,100-1914,HADDONFIELD,NJ,8033,S,Y,20000,2.3935623,1000,1500
Genevieve,Pole,304,183-1911,HICO,WV,25854,S,Y,23000,3.9099998,2000,2000
Ostap,Helland,701,187-1611,CROSBY,ND,58730,M,N,52000,2.3585072,0,0
Joper,Pietra,231,174-1569,HERMANSVILLE,MI,49847,M,N,37500,3.9,0,0
Rujith,Cohoon,701,166-1589,GACKLE,ND,58442,S,Y,74000,2.6135366,3300,3300
Ilies,Ruger,939,156-1634,COROZAL,PR,783,M,N,74500,0,3575,0
Pak,Kurien,952,145-1401,RICE,MN,56367,S,Y,52000,7.0303626,3300,3300
Peiwei,Pfening,908,157-1985,OCEANPORT,NJ,7757,M,N,1500,1.4,0,0
Sanza,Eliens,219,157-1681,MARYSVILLE,IN,47141,S,Y,25500,3.4,1000,1000
Ying,Euchner,207,179-1607,NORTH TURNER,ME,4266,M,N,60000,8.5,0,0
Nicolaos,Muckstadt,626,186-1959,KINGSPORT,TN,37665,S,Y,16000,0,0,0
Weiwu,Remedios,239,152-1980,MIAMI,FL,33132,S,N,10000,0,0,0
Irek,Mitchem,939,130-1553,MOROVIS,PR,687,S,Y,18500,0,0,0
Madhukar,Greenawalt,319,156-1884,MONTROSE,IA,52639,S,Y,3000,0.6272282,40,40
Jarir,Shneerson,302,156-1179,MONTCHANIN,DE,19710,S,Y,41500,4.6886363,110,110
Arthur,Hanakawa,802,114-1024,NORTH HYDE PARK,VT,5665,S,Y,3000,3.6,3300,3300
Bernie,Risk,435,112-1135,SMITHFIELD,UT,84335,S,Y,41000,7,2475,2475
Minghong,Nerbonne,845,164-1992,ROCHESTER,NY,14624,M,N,62000,4.3128047,0,0
Gnanamalar,Lejter,870,146-1367,LITTLE ROCK,AR,72295,M,Y,41000,7,0,20
Nai,Lebib,317,121-1731,WEST LEBANON,IN,47991,S,Y,11500,3.4,1000,1000
Chandrajit,Quinke,208,121-1883,HOWE,ID,83244,M,N,89000,7.8,0,0
Padmavathi,Goldsman,401,175-1635,WARWICK,RI,2887,S,Y,89500,0,0,0
Bhuvan,D'Hooge,620,130-1644,SYRACUSE,KS,67878,M,N,62500,6.45,0,0
Rufus,Seguel,606,173-1301,BULAN,KY,41722,S,Y,40000,4.0555553,20,20
Shreesh,Hemmerling,980,150-1473,BAT CAVE,NC,28710,S,Y,74500,7.2954545,3300,3300
Rushed,Kato,484,180-1263,NICHOLSON,PA,18446,M,N,88500,3.07,0,0
Mong,Schizas,208,192-1215,FIRTH,ID,83236,M,N,24000,7.8,0,0
Jamey,Ancourt,630,157-2017,CISNE,IL,62823,S,Y,91000,3,2000,2000
Diethelm,MacLachlan,770,126-1649,COLLINS,GA,30421,S,Y,93000,6,2700,3000
Wasim,Reeds,469,109-1852,HARROLD,TX,76364,S,Y,91500,0,0,0
Hansjorg,Waterhouse,435,146-1369,EDWALL,WA,99008,M,N,46000,0,0,0
Kajal,Aoreira,769,132-1177,DECATUR,MS,39327,S,Y,2500,3,6000,1500
Kalina,Carrera,980,160-1083,ASHEBORO,NC,27204,M,N,57500,6.9388113,0,0
Shigetoshi,Jupin,402,115-1743,LODGEPOLE,NE,69149,M,N,70000,6.84,0,0
Rosita,DeBellis,218,173-1597,WOOD LAKE,MN,56297,M,N,39500,6.3633404,0,0
Bernando,Fokker,605,181-1149,WITTEN,SD,57584,S,Y,60000,0,0,0
Kewal,Junker,308,106-1930,RAYMOND,NE,68428,M,Y,21500,5.952033,0,103
Ethem,Schapire,907,130-1538,STEBBINS,AK,99671,M,Y,32000,0,0,0
Stephanie,Jacquart,219,198-2054,FORT WAYNE,IN,46899,S,Y,76500,3.4,1000,1000
Shahrokh,Quisquater,501,142-1952,NORPHLET,AR,71759,S,Y,28000,6.8804827,28,20
Hayato,Kajimoto,435,128-1951,HOLDEN,UT,84636,S,Y,71000,7,2475,2475
Natacha,Mosedale,614,148-1876,RARDEN,OH,45671,M,N,80000,3.2016153,0,0
Bhavani,Perz,x15,115-1938,BROOKLYN,NY,11255,S,Y,30500,4.1303353,0,1000
Komei,Uchoa,701,144-1789,WOLFORD,ND,58385,M,N,45000,2.2773614,0,0
Minghui,Coe,406,184-1207,LORING,MT,59537,M,N,73500,6.9,0,0
Alak,Weisman,225,143-2020,VIVIAN,LA,71082,M,N,43500,6,0,0
Xuemin,Mallach,401,101-2025,JAMESTOWN,RI,2835,M,N,1500,0,0,0
Wenhong,Kann,832,186-1931,CORPUS CHRISTI,TX,78461,M,N,31500,0,0,0
Gardiner,Carciofini,207,134-1789,NORTH VASSALBORO,ME,4962,M,N,22500,8.5,0,0
Sneha,Menezes,916,138-2066,LAGUNA NIGUEL,CA,92677,M,N,64500,9.3,0,8
Kazuhira,Mizunuma,267,101-1898,BLACK LICK,PA,15716,S,Y,5500,3.07,0,0
Sihem,Vines,580,115-1558,HARDESTY,OK,73944,S,Y,42000,6.25,1000,1000
Rieko,Handschuh,787,134-2057,ARROYO,PR,714,M,N,5500,0,0,0
Dasu,Schwaller,720,124-1152,AURORA,CO,80047,M,N,54000,4.63,0,0
Janathan,Iacobetz,443,149-1252,CLARKSVILLE,MD,21029,S,Y,5500,4.75,2400,2400
Esmond,Travis,202,143-1738,WASHINGTON,DC,20015,M,N,64000,9,0,0
Tong,Sawamiphakdi,765,166-1990,EVANSVILLE,IN,47721,M,N,59500,3.4,0,0
Monvef,Gopfrich,719,112-1939,ARVADA,CO,80004,S,Y,63000,4.63,0,0
Shaye,Strubbe,928,193-1216,KIRKLAND,AZ,86332,S,Y,15000,2.9475,2100,2300
Borislav,Nations,740,182-1477,MIAMISBURG,OH,45342,M,N,1500,0.712,0,0
Jeretta,Beounes,682,116-1590,UVALDE,TX,78801,M,N,69500,0,0,0
Debatosh,Prell,702,196-2022,LAS VEGAS,NV,89180,M,N,38500,0,0,0
Baio,Wygladala,479,168-1791,CHESTER,AR,72934,M,N,30500,7,0,0
Tadahiko,Dunlop,608,116-1061,GREEN VALLEY,WI,54127,S,Y,87500,5.9667287,700,400
Jian,Caneghem,603,178-1815,MANCHESTER,NH,3108,M,N,57500,0,0,0
Moonhang,Szilard,863,101-1796,CLEARWATER,FL,33764,S,Y,77000,0,0,0
Jordi,Rutschlin,402,181-1504,DUNNING,NE,68833,S,Y,72500,6.84,103,103
Jui,Kingdon,435,196-1757,VIRGIN,UT,84779,S,Y,25500,7,2475,2475
Yijie,Hansgen,870,101-2074,WARD,AR,72176,M,N,92500,7,0,0
Juval,Sackman,603,117-1276,AUBURN,NH,3032,M,N,80500,0,0,0
Yennun,Murtha,920,167-1191,PALM COAST,WI,54171,M,N,89500,6.0014787,0,0
Bitan,Deuel,307,147-2074,LOVELL,WY,82431,M,N,66500,0,0,0
Eenjan,Tardieu,435,108-1132,SALT LAKE CITY,UT,84134,S,Y,50500,7,2475,2475
Darryl,Flavell,703,168-1095,HILLSVILLE,VA,24343,S,Y,8000,3.3392859,900,900
Zhexue,Perko,801,134-1737,HYDE PARK,UT,84318,M,N,30500,7,0,0
Reshma,Clasen,707,181-1291,LOS ANGELES,CA,90036,M,N,84500,9.3,0,0
Toshio,Gibson,603,103-1626,ALSTEAD,NH,3602,S,Y,15500,0,0,0
Daivd,Belcastro,202,133-1859,WASHINGTON,DC,20538,S,Y,74000,9,1370,1370
Rustam,Saletore,787,159-1398,SAN SEBASTIAN,PR,685,S,Y,92000,0,0,0
Ute,Faure,787,163-1358,CAGUAS,PR,727,M,N,73000,0,0,0
Delbert,Eversberg,432,173-1996,BLEDSOE,TX,79314,S,Y,27000,0,0,0
Juliet,Collings,703,111-1439,BLACKSBURG,VA,24062,M,N,40500,5.75,0,0
Fangqing,Peha,240,187-1211,BUCKEYSTOWN,MD,21717,S,Y,47000,4.75,2400,2400
Yunfa,Izumida,314,147-1675,DUENWEG,MO,64841,M,N,1500,1.78125,0,0
Wagdy,Scherz,832,194-1018,RIVIERA,TX,78379,S,Y,59000,0,0,0
Kyoo,Lyonns,412,193-1721,FRANKLINTOWN,PA,17323,S,Y,52500,3.07,0,0
Yalin,Hagglund,518,106-1929,JOHNSTOWN,NY,12095,M,N,75500,4.391006,0,0
Rajendra,Greef,513,164-1275,ARCADIA,OH,44804,S,Y,61000,2.5709128,1300,1300
Mounir,Zaiane,708,128-2051,BELLEVILLE,IL,62226,S,Y,32000,3,2000,2000
Galia,Samadzadeh,939,139-2058,SAN JUAN,PR,933,S,Y,80500,0,0,0
Chongkye,Tate,941,172-1386,PLANT CITY,FL,33565,M,N,35000,0,0,0
Paola,Coolsaet,562,152-1862,LOS ANGELES,CA,90041,S,Y,18500,3.875656,87,272
Neri,Jenkins,417,122-2046,SHELL KNOB,MO,65747,S,Y,48000,6,2100,1200
Gwenael,Luckham,715,164-2078,GLIDDEN,WI,54527,M,Y,51500,5.3412237,0,400
Amelia,Nagasawa,913,117-1840,HAZELTON,KS,67061,S,Y,26500,5.7616663,2250,2250
Wiebke,Diepold,410,179-2087,BROOKLANDVILLE,MD,21022,M,N,57000,4.75,0,0
Amparo,Sreerama,423,121-1512,PALMERSVILLE,TN,38241,S,N,40000,0,0,0
Graham,Manthey,850,114-1974,DELRAY BEACH,FL,33483,S,Y,92000,0,0,0
Eckart,Milos,307,114-1437,SHERIDAN,WY,82801,S,N,3000,0,0,0
Hacene,Sagayama,520,136-1381,PHOENIX,AZ,85016,S,Y,51500,3.5132499,2100,2300
Wagner,Fritzsche,603,161-1984,ORFORD,NH,3777,x,Y,57500,0,0,0
Upen,Kamperman,240,152-1130,GRASONVILLE,MD,21638,S,Y,65500,4.75,2400,2400
Hareton,Mitsui,601,165-2089,KOSCIUSKO,MS,39090,M,N,84000,5,0,0
Cord,Lyle,406,188-1498,LAUREL,MT,59044,S,Y,45000,6.9,1900,1900
Hayden,Lienhardt,715,170-1693,CONRATH,WI,54731,S,Y,10000,4.620155,700,400
Amar,Schweikhardt,423,101-1544,ATHENS,TN,37371,M,N,33000,0,0,0
Viktoria,Falster,843,116-1107,CHARLESTON,SC,29401,M,N,27000,7,0,0
Kripasindhu,Kunieda,908,159-2027,WRIGHTSTOWN,NJ,8562,M,N,77000,2.2989376,0,0
Edmundo,Upadhyaya,308,154-1477,BELVIDERE,NE,68315,M,N,37500,6.84,0,0
Eginhard,Avouris,330,140-1768,YOUNGSTOWN,OH,44505,S,Y,58000,2.4713283,1300,1300
Anno,Bidulock,406,108-1498,AUGUSTA,MT,59410,S,Y,29000,6.9,1900,1900
Anujan,Nisbet,610,179-1289,NEW CASTLE,PA,16108,M,N,44500,3.07,0,0
Sashi,Hanover,763,154-1577,CLARKFIELD,MN,56223,M,N,75000,7.85,0,0
Dragomir,Gryz,207,102-1330,NORTH HAVEN,ME,4853,M,N,22500,8.5,0,0
Sariel,Krisper,765,176-1000,MICHIGAN CITY,IN,46361,S,Y,96500,3.4,1000,1000
Driss,Belinskaya,603,142-1543,MILTON,NH,3851,M,N,62500,0,0,0
Lambert,Burston,605,119-1022,BONESTEEL,SD,57317,S,Y,44000,0,0,0
Giuliano,Morrey,207,100-1160,AUBURN,ME,4212,S,Y,12000,5.534672,2850,2850
Joost,Spitz,712,171-1294,MALLARD,IA,50562,S,N,17000,2.788519,40,0
Nanda,Semmens,602,105-1433,MARANA,AZ,85658,M,N,45500,3.42025,0,0
Raimund,Altus,505,162-1586,PIE TOWN,NM,87827,M,N,33500,5.3,0,0
Kwangho,Mirandola,401,161-1789,BLOCK ISLAND,RI,2807,S,Y,71000,0,0,0
Aleta,Marsiglia,202,112-1750,WASHINGTON,DC,20543,M,N,22500,7.3125,0,0
Shaoying,Twardowski,219,155-1783,FOUNTAIN CITY,IN,47341,M,Y,24000,3.4,0,1000
Patiwat,Lobjois,913,196-1420,SALINA,KS,67401,S,Y,89500,6.45,2250,2250
Pak,Junet,585,156-1383,NEW YORK,NY,10117,M,N,68500,4.350457,0,0
Detlef,Dybig,414,131-2054,EAU CLAIRE,WI,54703,S,Y,29500,4.9589705,700,400
Yngve,Bernardeschi,701,145-1690,PAGE,ND,58064,S,Y,74000,2.6135366,3300,3300
Walling,Piens,860,102-1226,SOUTH LYME,CT,6376,M,N,73500,5,0,0
Brad,Gerke,847,115-1843,GLASFORD,IL,61533,M,N,78000,3,0,0
Gavin,Reghabi,304,141-1461,ASHTON,WV,25503,M,N,71500,6.5,0,0
Annie,Estier,706,185-1695,THOMSON,GA,30824,S,N,20500,6,2700,0
Claus,Taubner,216,118-2041,CINCINNATI,OH,45263,S,Y,77000,3.1020308,1300,1300
Otfried,Nassar,620,110-1737,GOVE,KS,67736,M,N,5000,3.5,0,0
Kalidou,Ripplinger,509,106-1729,LUMMI ISLAND,WA,98262,M,N,45000,0,0,0
Sudip,Restivo,580,142-1090,TALIHINA,OK,74571,M,N,6000,3.6944447,0,0
Jianjian,Elgaard,316,183-1106,NEAL,KS,66863,S,Y,95000,6.45,2250,2250
Huihuang,Wnek,603,132-1360,LACONIA,NH,3247,S,Y,30000,0,0,0
Aelmut,Ohhara,256,100-1823,LOXLEY,AL,36551,S,Y,33500,6.0576925,1500,300
Ung,Wode,702,131-1591,ELKO,NV,89801,S,Y,52000,0,0,0
Nasi,Tixrnxy,406,195-1398,BELFRY,MT,59008,M,Y,87500,6.9,0,1900
Usama,Schlabach,260,129-1689,EVANSVILLE,IN,47704,S,Y,86500,3.4,1000,1000
Amedo,Harnpanichpun,601,190-1413,MCCOMB,MS,39649,M,N,81500,5,0,0
Jereon,McKibbon,215,173-1401,PITTSBURGH,PA,15213,M,N,27000,3.07,0,0
Eitan,Trachtman,406,128-2083,MISSOULA,MT,59801,M,N,89000,6.9,0,0
Sergei,Kriman,315,133-1761,CALLICOON CENTER,NY,12724,M,N,58500,4.2925305,0,0
Karni,Dami,939,187-1631,AGUADILLA,PR,605,S,Y,87000,0,0,0
Narvardin,Panzer,319,126-1454,ACKLEY,IA,50601,S,Y,32000,5.104188,40,40
Jobst,Borchering,651,162-1685,GRAND RAPIDS,MN,55745,M,N,49500,6.8969584,0,0
Donia,Wahab,630,116-1999,BARTELSO,IL,62218,M,N,35000,3,0,0
Ranjit,Kaizoji,406,157-1955,FROMBERG,MT,59029,M,N,66500,6.9,0,0
Jed,Sluis,907,115-1043,FAIRBANKS,AK,98226,S,Y,86500,0,0,0
Hartmut,Hadfield,405,188-1211,CARNEY,OK,74832,S,N,95000,6.25,1000,0
Line,Yabe,706,151-1279,ALAPAHA,GA,31622,S,Y,1500,1.5999999,2700,3000
Mihael,Cassels,540,191-1782,MOUTH OF WILSON,VA,24363,M,N,97500,5.75,0,0
Ikuyo,Stirpe,351,197-1257,MONTEREY,MA,1245,M,N,98000,5.3,0,0
Rushed,Dekeyser,205,176-1999,GADSDEN,AL,35901,S,Y,5500,5,1500,300
Lokman,Vrancken,810,176-1304,FOSTORIA,MI,48435,M,N,3500,3.9,0,0
Martii,Sabbagh,941,160-1399,SORRENTO,FL,32776,M,N,93000,0,0,0
Mazen,Kneece,512,1x0-1867,CONROE,TX,77303,S,Y,74000,0,0,0
Seiji,Jonscher,208,138-1061,LOWMAN,ID,83637,M,N,60500,7.8,0,0
Sumitra,Petrounias,857,198-1741,FEEDING HILLS,MA,1030,S,Y,55500,5.3,3575,1000
Narao,Pelletier,602,180-1304,BOUSE,AZ,85325,S,Y,40500,3.3427498,2100,2300
Liangchun,Fasching,605,181-1677,TEA,SD,57064,M,N,33000,0,0,0
Fazel,Heiser,351,154-1677,EASTHAM,MA,2642,S,Y,38000,5.3,3575,1000
Insung,Merro,501,179-1539,BENTONVILLE,AR,72716,S,Y,93500,7,20,20
Hanpei,Schairer,334,147-2070,AUBURN,AL,36832,M,x,10000,5,0,0
Mary,Wolfrum,719,183-2093,ECKLEY,CO,80727,M,N,17000,4.63,0,0
Kaniaki,Chalfan,606,185-1706,OWENSBORO,KY,42303,S,Y,58500,5.083333,20,20
Darwen,Chubb,228,163-1690,LOUISE,MS,39097,M,N,12500,5,0,0
Shintaro,Lanfear,351,118-1842,WOODS HOLE,MA,2543,S,Y,35000,5.3,3575,1000
Vikas,Geske,443,132-2077,BALTIMORE,MD,21290,S,Y,35000,4.75,2400,2400
Alistair,Katzenelson,808,196-1619,HONOLULU,HI,96828,S,Y,14500,3.6532893,1040,1040
Doowon,Kranakis,219,178-1605,FREEDOM,IN,47431,S,Y,37000,3.4,1000,1000
Azzam,Nose,208,125-1948,DINGLE,ID,83233,S,Y,18000,6.380651,3300,3300
Christoforos,Saracelli,360,169-1580,ADNA,WA,98522,M,N,56500,0,0,0
Christoforos,Juvin,636,120-1543,PARK HILLS,MO,63601,M,N,8000,5.4375,0,0
Vijayan,Chubb,952,124-1352,ERSKINE,MN,56535,S,Y,28000,5.7496796,3300,3300
Yoshito,Boujemaa,234,159-1282,DAYTON,OH,45417,M,N,46500,2.0895872,0,2250
Fatih,Rault,702,169-1679,RENO,NV,89510,M,N,44000,0,0,0
Rildo,Rowan,406,134-1858,BILLINGS,MT,59107,S,Y,86000,6.9,1900,1900
Jakob,Tsunoo,787,122-1750,MARICAO,PR,606,M,N,70500,0,0,0
Uta,Epstein,870,112-1391,OKOLONA,AR,71962,S,Y,89500,7,20,20
Janett,Terekhov,435,133-1944,FRUITLAND,UT,84027,S,Y,19500,7,2475,2475
Mutsunori,Dawson,207,149-1969,DRYDEN,ME,4225,M,N,35500,8.5,0,0
Natividad,Hechler,406,176-1971,DAGMAR,MT,59219,S,Y,78000,6.9,1900,1900
Toni,Ireland,562,147-1870,LOS ANGELES,CA,90065,M,N,72000,9.3,0,0
Felip,Vodislav,843,131-1776,KINGSTREE,SC,29556,M,N,52000,7,0,0
Motoyuki,Parmelee,808,124-1697,HAKALAU,HI,96710,M,N,35500,7.4388156,0,0
Ramaswamy,Nurmeev,651,106-2033,SCANDIA,MN,55073,S,Y,23500,5.5095515,3300,3300
Oswald,Samarati,701,141-1565,FARGO,ND,58105,M,Y,91500,2.816401,0,3300
Aiko,McCaig,x701,190-1894,NAPOLEON,ND,58561,S,Y,40000,2.2194002,3300,3300
Nik,Goes,901,138-1261,TROY,TN,38260,M,N,66000,0,0,0
Hiraku,Nawawi,207,179-1402,ISLE OF SPRINGS,ME,4549,M,N,60000,8.5,0,0
Syuji,Meyerhoff,360,130-1057,TACOMA,WA,98415,S,Y,86500,0,0,0
Mehrdad,Dippoldsmann,312,170-1693,WAYNE CITY,IL,62895,M,N,66000,3,0,0
Sany,Rubinfield,307,117-1654,LARAMIE,WY,82071,M,N,25500,0,0,0
Zhexue,Yasunaga,203,115-1738,EAST GLASTONBURY,CT,6025,S,Y,66500,5,12750,0
Mehrdad,Roehmer,812,137-2065,NASHVILLE,IN,47448,S,Y,66000,3.4,1000,1000
Gio,Wohn,615,136-1927,ADAMS,TN,37010,S,Y,42500,0,0,0
Donia,Padiou,206,112-1640,VASHON,WA,98070,M,Y,80500,0,0,0
Fabiano,Shmuely,435,152-1996,TALMAGE,UT,84073,S,Y,75000,7,2475,2475
Hoewon,Rauglaudre,615,199-1744,EAGAN,TN,37730,S,Y,47500,0,0,0
Hajo,Heinze,541,153-1376,MYRTLE POINT,OR,97458,S,Y,61000,9,159,159
Yeona,Pehl,808,165-1493,HONOLULU,HI,96801,M,N,30000,6.447368,0,0
Henny,Ouhyoung,612,177-1800,LANSING,MN,55950,S,Y,80000,7.85,3300,3300
Umakanta,Veronese,505,105-1906,CANONES,NM,87516,S,N,82500,5.3,3300,0
Merja,Wessel,405,178-1901,COLONY,OK,73021,S,Y,5000,3.0555556,1000,1000
Hrishikesh,Mulkers,509,119-2062,FAIRFIELD,WA,99012,S,Y,97500,0,0,0
Serafin,Bayraktar,605,126-2046,ERWIN,SD,57233,M,N,83000,0,0,0
Shaodi,Mikelsons,302,172-1200,FREDERICA,DE,19946,S,Y,50000,5.268182,110,110
Salam,Maccarone,503,107-1062,BRIDAL VEIL,OR,97010,M,N,73500,9,0,0
Piergiorgio,Zisman,801,196-2024,SANTAQUIN,UT,84655,M,N,37500,7,0,0
Vinko,Koppelaar,215,156-1877,YORK NEW SALEM,PA,17371,S,Y,74000,3.07,0,0
Wladyslaw,Borgelt,303,144-1689,EAGLE,CO,81631,M,N,76000,4.63,0,0
Nili,Gruenberg,706,110-1301,CULLODEN,GA,31016,M,N,60000,6,0,0
Huasheng,Lafouge,513,112-1040,FOSTORIA,OH,44830,M,N,35000,1.7078462,0,0
Gou,Foret,802,182-1806,FLORENCE,VT,5744,M,N,45000,3.9004214,0,0
Takeomi,Gragg,907,156-2084,KING SALMON,AK,99613,S,N,49000,0,0,0
Kengo,Aichinger,406,140-1101,BILLINGS,MT,59103,M,N,23000,6.9,0,0
Juho,Marciano,631,136-1278,BROADALBIN,NY,12025,S,Y,82500,4.431555,0,1000
Nari,Eppinger,939,147-1567,LUQUILLO,PR,773,M,N,74000,0,0,0
Shovonlal,Fontana,251,197-2007,MILLRY,AL,36558,S,Y,67500,5,1500,300
Mashes,Torlone,267,121-1644,WILKES BARRE,PA,18701,S,N,11000,3.07,0,0
Rene,Weisler,505,122-1440,GLENCOE,NM,88324,S,Y,45500,5.3,3300,3300
Liang,Eskicioglu,928,134-1458,PHOENIX,AZ,85086,M,N,6500,2.87,0,0
Haifeng,Mints,818,121-1435,LOS ANGELES,CA,90066,M,N,28000,6.1183887,0,0
Kap,Fadous,802,173-1846,RICHMOND,VT,5477,S,Y,38500,3.771101,3300,3300
Arif,Weisler,808,199-1427,WAKE ISLAND,xI,96898,M,N,12000,3.2026315,0,0
Rajiv,Vastola,406,139-1063,BRUSETT,MT,59318,S,Y,69000,6.9,1900,1900
Kare,Hegenbarth,406,100-1543,HELENA,MT,59625,S,Y,8500,4.153448,1900,1900
Cornelius,O'Donoghue,703,106-1529,INDIAN VALLEY,VA,41653,S,Y,93500,5.75,900,900
Zhihui,Braoudakis,606,109-1337,FT MITCHELL,KY,41017,M,N,76500,6,0,0
Lora,McGavran,617,179-1903,STOCKBRIDGE,MA,53090,M,N,38000,5.3,0,0
Yeheskel,Leban,646,134-1244,VARYSBURG,NY,14167,S,Y,16000,4.0463414,0,1000
Trudy,Draves,970,171-2095,DENVER,CO,80271,S,Y,36000,4.63,0,0
Simson,Handschuh,609,188-1765,BOUND BROOK,NJ,8805,M,N,23000,1.4473125,0,0
Vinit,Hader,619,162-1486,SAN BERNARDINO,CA,92412,S,Y,10000,1.869,87,272
Sukree,Decugis,206,182-1983,RYDERWOOD,WA,98581,M,N,97500,0,0,0
Lorrie,Guttler,216,17x-1799,ADA,OH,45810,S,Y,54500,2.3551464,1300,1300
Ramaswamy,Otterloo,641,163-1390,FARMERSBURG,IA,52047,M,N,98000,8.98,0,0
Anja,Bartscht,307,111-1435,CHEYENNE,WY,86545,S,Y,28500,0,0,0
Cyr,Meitner,505,160-2088,ALBUQUERQUE,NM,87199,S,Y,76500,5.3,3300,3300
Sajjan,Heiner,787,134-1573,CAROLINA,PR,985,M,N,61500,0,0,0
Minh,Rudmann,410,160-1837,RIDERWOOD,MD,21139,M,N,66500,4.75,0,0
Landon,Marchuk,701,191-1114,KILLDEER,ND,58640,S,Y,31500,2.120866,3300,3300
Shin,Elkadi,701,112-1722,WING,ND,58494,S,N,89000,2.7874203,3300,0
Ando,Kourai,731,118-1841,JACKSBORO,TN,37757,M,N,55500,0,0,0
Gitte,Boege,603,156-1884,LITTLETON,NH,3561,S,Y,25500,0,0,0
Fazli,Smetana,701,156-1080,RIVERDALE,ND,58565,M,N,26500,2.1,0,0
Adly,Ciampichetti,319,146-1795,ELLSTON,IA,50074,M,N,20500,3.3288417,0,0
Stecey,Macgregor,410,115-1539,GIRDLETREE,MD,21829,S,Y,31500,4.75,2400,2400
Paddy,Lappalainen,815,194-1922,FRANKFORT,IL,60423,M,Y,34500,3,0,2000
Collin,Nytro,615,137-1260,WESTPOINT,TN,38486,M,Y,25000,0,0,0
Shaleah,Kohle,503,139-1499,TOLOVANA PARK,OR,97145,S,Y,97500,9,159,159
Anuj,Frisch,202,168-1791,PARCEL RETURN SERVICE,DC,56950,S,Y,4500,4.5,1370,1370
Debra,Asrin,304,115-1243,KERENS,WV,26276,S,Y,45500,5.4849997,2000,2000
Ira,Khedro,501,181-1005,DANVILLE,AR,72833,S,Y,96000,7,20,20
Lakhdar,Dash,202,154-1282,WASHINGTON,DC,20572,S,Y,1500,4.5,1370,1370
Shari,Parmee,304,156-1879,HENDRICKS,WV,26271,M,Y,95500,6.5,0,2000
Jerome,Puryear,828,147-1675,BUIES CREEK,NC,27506,M,N,48000,6.7395105,0,0
Aarno,Rieu,24x,193-1117,PORT DEPOSIT,MD,21904,M,N,93500,4.75,0,0
Philips,Canepa,224,148-2076,CHICAGO,IL,60696,S,Y,30000,3,2000,2000
Fazel,Jelonek,702,174-2097,LAS VEGAS,NV,89110,M,N,65500,0,0,0
Jengchin,Ishai,801,193-1020,SUMMIT,UT,84772,M,N,36500,7,0,0
Teik,Skeppstedt,318,158-1181,NEW ORLEANS,LA,70195,M,N,86000,6,0,0
Heekeun,Kell,304,167-1312,MINDEN,WV,25879,S,Y,93500,6.5,2000,2000
Nobert,Banbara,208,117-1779,BOISE,ID,83707,S,Y,3500,2.2645392,3300,3300
Lata,Vegdahl,580,112-1240,LAHOMA,OK,73754,M,N,36500,6.25,0,0
Kiyoko,Tannenbaum,401,162-1785,NORTH PROVIDENCE,RI,2911,M,N,65000,0,0,0
Fuqing,Whiteley,202,140-1668,WASHINGTON,DC,20251,S,Y,89500,9,1370,1370
Anindya,Nourani,574,106-1329,EVANSVILLE,IN,47739,S,Y,79000,3.4,1000,1000
Haidar,Solovay,307,149-1877,LYSITE,WY,82642,S,Y,93000,0,0,0
Judy,Einwohner,202,161-1384,WASHINGTON,DC,20529,M,N,94000,9,0,0
Havard,Bronstein,580,195-1651,OKLAHOMA CITY,OK,73170,S,Y,10000,6.25,1040,1000
Kazushi,Tomokiyo,304,175-2098,ANMOORE,WV,26323,M,N,89500,6.5,0,0
Alak,Jonker,606,175-1203,BASKETT,KY,42402,S,N,50000,4.611111,0,0
Adonios,Tyugu,567,150-1373,TOLEDO,OH,43607,M,N,40000,1.8738205,0,0
Octavian,Margarian,561,179-1474,SAINT CLOUD,FL,34769,S,Y,95500,0,0,0
Aldo,Machesky,404,197-1320,RESACA,GA,30735,M,N,71500,6,0,0
Trijntje,Bacher,308,160-1087,TOBIAS,NE,68453,S,Y,98000,6.84,103,103
Yaakov,Tenopir,845,193-1084,COPIAGUE,NY,11726,M,N,37000,4.167988,0,0
Marie,Hokimoto,870,140-1368,MAYSVILLE,AR,72747,M,N,70000,7,0,0
Lynda,Beyers,202,125-1949,WASHINGTON,DC,20414,S,Y,27000,8.325,1370,1370
Chiara,Puppo,918,112-1672,GOLDEN,OK,74737,M,N,1500,0.8194444,0,0
Florentino,Hambrusch,317,147-1003,ORA,IN,46968,S,Y,67500,3.4,1000,1000
Atsuyuki,Kading,712,114-1724,OAKLAND,IA,51560,M,N,87000,8.98,0,0
Abdelaziz,Loyola,205,113-1636,EVERGREEN,AL,36401,M,N,32500,5,0,0
Carolina,Barkley,662,157-1085,HARRISVILLE,MS,39082,S,Y,75000,5,6000,1500
Aileen,Delannoy,240,130-1692,CUMBERLAND,MD,21503,M,N,54500,4.75,0,0
Shamik,Wender,405,193-1689,AMES,OK,73718,S,Y,1000,0.5,1000,1000
Nanning,Forre,832,108-1132,FORT STOCKTON,TX,79735,S,Y,47500,0,0,0
Santonu,Kubera,920,106-1601,OWEN,WI,54460,S,Y,60000,5.488912,700,400
Dharma,Demizu,651,137-1336,UNDERWOOD,MN,56586,M,N,63500,7.6440234,0,0
Asa,Radivojevic,307,140-1447,DEVILS TOWER,WY,82714,S,N,98500,0,0,0
Lashon,Jakobus,907,127-2001,SLEETMUTE,AK,99668,M,Y,4000,0,0,0
Prabhav,Waack,276,185-1513,MOUTH OF WILSON,VA,24363,S,Y,63500,5.75,900,900
True,Goffin,484,142-1665,PHILADELPHIA,PA,19019,M,N,4000,3.07,0,0
Subhashini,Kuemmerle,603,118-1846,GRANTHAM,NH,3753,S,Y,44000,0,0,0
Shintaro,Bolbourn,907,134-1457,WASILLA,AK,99654,M,N,28000,0,0,0
Abdelouahab,Foote,937,154-1981,KIDRON,OH,44636,M,N,28500,1.4920795,0,0
Souad,Ziegler,325,131-1054,NAPLES,FL,34107,S,Y,31500,0,0,0
Abraham,Condotta,435,181-1591,OGDEN,UT,84404,M,N,47500,7,0,0
Joydip,Sedxbgx,313,106-1329,STANTON,MI,48888,S,Y,18500,3.9,3100,3100
Hao,Nitzan,651,165-1793,BIRD ISLAND,MN,55310,S,N,47500,6.7902346,3300,0
Erling,Nitadori,580,113-1910,PADEN,OK,74860,M,N,60500,6.25,0,0
Shao,Fegeas,207,146-1174,LIBERTY,ME,4949,M,N,98500,8.5,0,0
Weining,Berwick,662,159-2082,MAYERSVILLE,MS,39113,M,N,60000,5,0,0
Saniya,Bonacina,315,124-1702,SCHAGHTICOKE,NY,12154,M,N,52500,4.2577744,0,0
Yongguang,Lambert,985,161-1382,NEW ORLEANS,LA,70129,M,N,53500,6.8,0,0
Kenzo,Busenberg,321,152-1762,MIAMI BEACH,FL,33139,M,N,76500,0,0,0
Naoaki,Karner,715,125-1849,MILWAUKEE,WI,53278,M,N,55500,5.410724,0,0
Safa,Dhodhi,901,169-1229,MEMPHIS,TN,38106,S,Y,50000,0,0,0
Tatsumi,Baumann,216,154-1078,SABINA,OH,45169,M,N,77500,3.1186285,0,0
Akifumi,Piperakis,769,139-1135,GREENWOOD,MS,38935,M,N,12000,5,0,0
Stacey,Bari,913,156-1279,ROZEL,KS,67574,M,N,70000,6.45,0,0
Guoren,Muluszynski,402,144-1072,MILLIGAN,NE,68406,S,Y,3500,2.7553527,103,103
Vram,Jervis,267,115-1338,TUSCARORA,PA,17982,M,N,19000,3.07,0,0
Kari,Schlattmann,302,151-1979,WILMINGTON,DE,19891,S,Y,56500,5.711364,110,110
Takakazu,Dehkordi,307,190-1013,PAVILLION,WY,82523,S,Y,70000,0,0,0
Leopoldo,Siegrist,907,153-1680,BEAVER,AK,99724,S,Y,95000,0,0,0
Mercedes,Osberger,484,168-1191,GARNET VALLEY,PA,19060,M,N,75000,3.07,0,0
Ryuzo,Donati,443,144-1254,KITZMILLER,MD,21538,M,N,27500,4.75,0,0
Juzhen,Martucci,425,166-1389,ZILLAH,WA,98953,S,Y,60500,0,0,0
Elliot,Wouk,262,196-1024,WESTBORO,WI,54490,M,N,26000,4.898157,0,0
Thomals,Bruin,848,199-1361,RIVERDALE,NJ,7457,M,N,22000,1.4315417,0,0
Cyrille,Hochgesang,662,184-1394,HARRISVILLE,MS,39082,S,Y,41500,5,6000,1500
Ekow,Barbosa,517,13x-1534,LANSING,MI,48909,S,Y,17000,3.9,3100,3100
Lamott,Ghelli,339,128-1856,MILTON VILLAGE,MA,2187,M,N,79000,5.3,0,0
Aiguo,Abell,567,190-2013,COLUMBUS,OH,43218,S,Y,10000,0.8779744,1300,1300
Jason,Renear,225,138-1166,JONESVILLE,LA,71343,M,N,70500,6,0,0
Athushi,Tzitzikas,971,138-1261,GRANTS PASS,OR,97526,M,N,81000,9,0,0
Amol,Lobelle,808,177-2004,HONOLULU,HI,96821,S,Y,64500,8.25,1040,1040
Kazuhiro,Lehot,904,152-1879,ELFERS,FL,34680,M,N,92500,0,0,0
Lillian,Engbersen,808,150-2055,HONOLULU,HI,96804,M,N,65000,8.25,0,0
Ruxandra,Ludolph,703,151-1774,AMMON,VA,23822,M,N,22000,5.75,0,0
Romeo,Krider,908,168-2096,LAYTON,NJ,7851,S,Y,87000,2.456646,1000,1500
Yehea,Miyadera,787,182-1005,MARICAO,PR,606,S,Y,55500,0,0,0
Anurag,Duspohl,308,127-1854,HARDY,NE,68943,M,N,21000,5.8632364,0,0
Lokesh,Ridgeway,360,190-1313,AUBURN,WA,98002,S,Y,60000,0,0,0
Meilir,Babaguchi,301,103-1031,MIDLAND,MD,21542,S,Y,85000,4.75,2400,2400
Szabolcs,Hibberd,769,113-1336,ABBEVILLE,MS,38601,M,N,27500,5,0,0
Kewen,Palfreyman,603,178-1306,HILLSBOROUGH,NH,3244,M,Y,11000,0,0,0
Reto,Meketon,815,151-1406,SPRING GROVE,IL,60081,S,Y,34000,3,2000,2000
Karan,Everling,507,127-1855,SQUAW LAKE,MN,56681,M,Y,75000,7.85,0,3300
Anavai,Knowles,954,132-1555,LA CROSSE,FL,32658,S,Y,39000,0,0,0
Sverrir,Sabbadin,814,120-2065,EVERSON,PA,15631,M,N,5500,3.07,0,0
Sethu,Beerel,508,169-1793,EAST MANSFIELD,MA,2031,S,Y,53500,5.3,3575,1000
Tero,Mines,910,181-1209,RALEIGH,NC,27609,S,Y,13500,6.015734,3300,3300
Darrell,Townsend,864,185-1309,GRAY COURT,SC,29645,S,Y,79000,7,3300,3300
Tarmo,Therrien,715,167-1077,WEST SALEM,WI,54669,S,Y,58000,5.4541616,700,400
Bin,Nador,918,150-1174,WASHINGTON,OK,73093,M,N,61500,6.25,0,0
Juzhen,Martucci,623,174-1597,LAVEEN,AZ,85339,S,Y,99500,4.25725,2100,2300
Nils,Sxmonx,615,142-1370,KNOXVILLE,TN,37916,S,Y,97500,0,0,0
Sumitra,Petrounias,907,128-1052,NOME,AK,88762,S,Y,2500,0,0,0
Aharon,Arimoto,208,100-1026,BOISE,ID,83701,S,Y,11000,4.393563,3300,3300
Gul,Lofaso,574,189-1312,BERNE,IN,46711,S,N,67000,3.4,1000,0
Chiradeep,Halliwell,908,163-1905,NEW BRUNSWICK,NJ,8989,M,N,30500,1.5655937,0,0
Dipankar,Rowan,605,144-1267,HURLEY,SD,57036,M,N,94500,0,0,0
Ard,Debelack,970,123-1650,WESTMINSTER,CO,80030,M,N,25500,4.63,0,0
Raimar,Dawson,551,168-1691,LAKEWOOD,NJ,8701,S,Y,19000,1.4,1000,1500
Euripides,Davisson,901,161-1189,HENDERSONVILLE,TN,37075,S,Y,26000,0,0,0
Lode,Massoumi,307,172-1695,CHEYENNE,WY,82009,S,Y,59500,0,0,0
Divyxkxnt,Togawa,917,196-1424,SMITHTOWN,NY,11787,S,Y,9000,4.0057926,0,1000
Zekeriya,Petersson,302,163-1586,NEWARK,DE,19713,S,Y,68000,5.95,110,110
Jiandong,Lubachevsky,580,110-1720,SKIATOOK,OK,74070,S,Y,69500,6.25,1000,1000
Neeraj,Taniar,504,125-1648,BATON ROUGE,LA,70813,M,Y,33000,6,0,1000
Cesur,Ricarte,308,175-1103,DE WITT,NE,68341,S,Y,53000,6.84,103,103
Talel,McAllester,404,139-1662,BYROMVILLE,GA,31007,M,N,23000,6,0,0
Jun'ichi,Malolepszy,501,160-1088,MC NEIL,AR,71752,M,N,75500,7,0,0
Yasumasa,Tontiwachwuthikul,252,195-1919,WELDON,NC,27890,S,Y,90500,7.631119,3300,3300
Regis,Sitter,701,165-2032,HETTINGER,ND,58639,M,N,50500,2.3411188,0,0
Fumiyasu,Piccinini,304,152-1476,CASSVILLE,WV,26527,S,Y,95000,6.5,2000,2000
Cen,Greenspun,912,102-1248,GILLSVILLE,GA,30543,S,Y,49500,6,2700,3000
Huapeng,Denecker,334,130-1903,BIRMINGHAM,AL,35249,M,N,16000,5,0,0
Padma,Gusella,803,141-1269,ISLE OF PALMS,SC,29451,M,N,13000,7,0,0
Anatholy,Zykh,502,199-2023,CORBIN,KY,40702,S,Y,73500,3.5,20,20
Ruihua,Ushiama,406,160-1870,COLSTRIP,MT,59323,M,N,8500,4.153448,0,0
Yannich,Altiok,406,116-1839,HOGELAND,MT,59529,S,Y,51500,6.9,1900,1900
Karoline,Flatt,724,136-1043,TYLERSPORT,PA,18971,M,N,57500,3.07,0,0
Clifton,Erez,423,159-1583,AFTON,TN,37616,M,N,82500,0,0,0
Alistair,Machta,305,136-1937,BOCA RATON,FL,33496,M,N,85000,0,0,0
Frederik,Abrantes,503,152-1607,BLUE RIVER,OR,97413,S,Y,14500,9,159,159
Tetsu,Hitchens,207,122-2088,DAMARISCOTTA,ME,4543,M,N,3500,2,0,0
Samaradasa,Kamiya,605,136-1960,LEAD,SD,57754,M,N,8000,0,0,0
Trung,Danecki,978,164-2092,BLACKSTONE,MA,1504,S,Y,37000,5.3,3575,1000
Pertti,Blinzer,203,185-1108,NEW HAVEN,CT,6501,M,N,43000,5,0,0
Uminder,Schoder,302,110-1638,DOVER AFB,DE,19902,M,N,66000,5.95,0,0
Emden,Lunbeck,712,183-1407,FLOYD,IA,50435,S,Y,91500,8.98,40,40
Minshine,Petho,307,178-1638,GREEN RIVER,WY,82935,M,N,8500,0,0,0
Betti,Mayerwieser,201,146-1369,NEW VERNON,NJ,7976,M,N,47000,1.8258125,0,0
Nevana,Grunberger,785,107-1835,MORROWVILLE,KS,66958,M,Y,70500,6.45,0,2250
Jool,Dalphin,856,143-1467,LITTLE YORK,NJ,8834,M,N,18000,1.4,0,0
Ilan,Kharatishvili,202,113-1259,SOUTH SHORE,DC,20551,M,N,53000,9,0,0
Jurek,Giandonato,865,154-1377,TRACY CITY,TN,37387,M,N,49000,0,0,0
Zhexue,Kaas,720,152-1580,AMHERST,CO,80721,S,Y,30500,4.63,0,0
Enric,Parikh,605,172-1395,KENNEBEC,SD,57544,S,Y,90500,0,0,0
Salwa,Chiarodo,225,177-1972,NEW ORLEANS,LA,70117,S,Y,43000,6,4500,1000
Kare,Jaklic,404,131-1954,DECATUR,GA,30033,M,N,8000,6,0,0
Pekka,Lupton,623,120-1898,MESA,AZ,85216,x,Y,58500,3.6217499,2100,2300
Prahlad,Berk,678,114-1637,SMARR,GA,31086,M,N,48000,6,0,0
Renfrey,Paradinas,239,100-1905,INDIAN LAKE ESTATES,FL,33855,S,Y,5000,0,0,0
Kyuseok,Kadota,402,171-1444,THEDFORD,NE,69166,M,N,40500,6.84,0,0
Vijaj,Pinkas,305,141-2069,MIAMI,FL,33124,S,Y,10500,0,0,0
Ludwig,Stavenow,207,176-1200,PERU,ME,4290,S,Y,75500,8.5,2850,2850
Tremaine,Pineo,202,105-1733,WASHINGTON,DC,20254,M,N,1500,4.5,0,0
Vangelis,Widenauer,763,177-2050,MARBLE,MN,55764,S,Y,6000,5.35,3300,3300
Apkar,Gini,513,139-1167,LOUISVILLE,OH,44641,S,Y,81500,3.2514076,1300,1300
Hirohide,Chartres,479,125-1548,BURDETTE,AR,72321,S,Y,25000,6.16338,20,20
Shigeyuki,Nagano,407,196-1823,JACKSONVILLE,FL,32234,M,N,74000,0,0,0
Paulina,Tedrick,878,141-1865,LOGANTON,PA,17747,M,Y,83000,3.07,0,0
Dirceu,Minio,x86,109-1669,KEY WEST,FL,33045,S,Y,57000,0,0,0
Cristiano,Dervos,701,176-1999,WAHPETON,ND,58076,M,N,11500,2.1,0,0
Yingxu,Protzel,414,188-1248,FOOTVILLE,WI,53537,M,N,58500,5.4628496,0,0
Yerucham,McAdam,320,191-1318,OGILVIE,MN,56358,S,Y,5500,5.35,3300,3300
Shigehito,Yasunaga,859,147-1175,DELPHIA,KY,41735,S,Y,31000,3.5555556,20,28
Shai,Farrel,251,146-1269,EUTAW,AL,35462,S,Y,94000,5,1500,300
Burzin,Deuel,417,159-1705,DEARBORN,MO,64439,M,N,35000,6,0,0
Sadasaburoh,Brule,808,141-1362,HONOKAA,HI,96727,M,N,50500,8.25,0,0
Refik,Artola,787,137-1055,TOA BAJA,PR,949,S,Y,27500,0,0,0
Vhris,Nedjah,901,134-1058,STEWART,TN,37175,S,Y,65500,0,0,0
Dorbin,Brendel,309,118-1560,SPRINGFIELD,IL,62796,M,N,14500,3,0,0
Nico,Heljanko,804,161-1982,SEVERN,VA,23155,M,x,1000,2,0,0
Knud,Vlachantonis,208,121-1448,LEADORE,ID,83464,M,N,2000,1.8387345,0,0
Sigal,Pekkanen,260,112-1136,INDIANAPOLIS,IN,46266,S,Y,59500,3.4,1000,1000
Venkatavasu,Ehara,845,114-1974,GREAT VALLEY,NY,14741,S,N,8000,4,0,0
Hansjorg,Lorys,423,186-1707,BRISTOL,TN,37625,S,Y,57500,0,0,0
Wenbo,Koyama,203,180-1708,COLUMBIA,CT,6237,S,Y,95500,5,12750,0
Lip,Forre,520,162-1085,POSTON,AZ,85371,S,Y,18500,3.00175,2100,2300
Shengchang,Dobmann,302,174-2034,CLAYMONT,DE,19703,M,N,49000,5.2,0,0
Karakunakara,Pulidas,701,134-20x0,GLENBURN,ND,58740,S,Y,93000,2.8337893,3300,3300
Jarmo,Niittylahti,406,172-1928,SHERIDAN,MT,59749,S,Y,77000,6.9,1900,1900
Krishan,Seghrouchni,x0x,145-2089,ALEXANDRIA,KY,41001,M,N,98000,6,0,0
Keerthi,Hanover,813,130-1025,TITUSVILLE,FL,32780,M,N,64500,0,0,0
Surveyors',Wohlfarth,719,112-1235,LYONS,CO,80540,M,N,57000,4.63,0,0
Toshihiko,Vaschenko,562,148-1908,CHULA VISTA,CA,91909,S,Y,15500,3.1674244,87,272
Weidon,Maamar,603,160-1584,FITZWILLIAM,NH,3447,S,Y,28000,0,0,0
Yka,Fairtlough,224,154-1765,BALDWIN,IL,62217,M,N,95000,3,0,0
Eszter,Wadel,802,196-1016,BURLINGTON,VT,5406,M,N,42500,3.8506827,0,0
Dennis,Kennamer,678,148-1375,EPWORTH,GA,30541,S,Y,14000,6,2700,3000
Viera,Trivedi,505,157-1080,ANIMAS,NM,88020,S,Y,82500,5.3,3300,3300
Hiroko,Haller,602,117-1727,SNOWFLAKE,AZ,85937,M,N,100000,4.265,0,0
Elio,Pargaonkar,970,103-1576,LAS ANIMAS,CO,81054,M,N,94000,4.63,0,0
Yuqun,Jadhav,480,166-1425,GOLD CANYON,AZ,85118,S,Y,96500,4.21075,2100,2300
Floriano,Bernini,562,122-1245,SAN YSIDRO,CA,92143,M,Y,23500,5.0560412,0,272
Suryanarayana,Giovanetti,208,133-1161,BOISE,ID,83722,M,N,19500,6.806456,0,0
Seongbin,Lehar,803,147-2068,ANDERSON,SC,29626,M,N,47000,7,0,0
Henri,Spork,774,191-1319,EAST TAUNTON,MA,2718,S,Y,19000,5.3,3575,1000
Sukree,Decugis,660,167-1222,FREISTATT,MO,65654,M,N,13000,6,0,0
Hendra,Vouillon,302,183-1011,WILMINGTON,DE,19884,S,Y,34500,4.211364,110,110
Elin,Wedberg,952,198-1637,AFTON,MN,55001,M,N,11000,5.35,0,0
Veit,Pitsoulis,801,116-2076,LYNNDYL,UT,84640,M,N,31000,7,0,0
Lauro,Shippy,207,199-2023,BUXTON,ME,4093,M,N,96500,8.5,0,0
Farn,Brender,334,140-1468,STEVENSON,AL,35772,M,N,87500,5,0,0
Tsunenori,Holand,763,119-1143,MINNEAPOLIS,MN,55414,M,N,47000,6.7635536,3300,0
Vinko,Bade,816,196-1873,KANSAS CITY,MO,64187,S,Y,96500,6,2100,1200
Kalvis,Mahalanabis,406,146-1470,SIMMS,MT,59477,S,Y,86500,6.9,1900,1900
Vasilis,Yahyapour,608,151-1297,RHINELANDER,WI,54501,S,Y,78500,5.8103523,700,400
Susann,Mackenthun,954,166-1589,LAKE ALFRED,FL,33850,M,N,10500,0,0,0
Armen,Shedroff,803,139-1267,PICKENS,SC,29671,M,N,46500,7,0,0
Alok,Sawaya,312,192-1416,VAN ORIN,IL,61374,S,Y,81500,3,2000,2000
Kit,Vouros,919,195-1595,CHARLOTTE,NC,28202,M,N,10000,6,0,0
Faron,Chmielinska,213,165-2004,NORWALK,CA,90659,S,Y,52000,9.3,87,272
Patricia,Luders,815,138-2065,SOUTH ELGIN,IL,60177,M,N,86500,3,0,0
Pasi,Hassan,662,172-1793,SUMNER,MS,38957,M,Y,41500,5,0,1500
Fritz,Dunan,412,163-1374,DAISYTOWN,PA,15427,S,Y,8000,3.07,0,0
Dirk,Schaaf,605,170-1593,ISABEL,SD,57633,S,Y,98500,0,0,0
Hauke,Mayerwieser,802,141-1369,MONTPELIER,VT,5620,M,N,82500,4.6465015,0,0
Ryozo,Griswold,505,198-1877,MOSQUERO,NM,87733,S,Y,82500,5.3,3300,3300
Rob,Dutra,970,146-1520,FORT LYON,CO,81038,S,Y,71000,4.63,0,0
Shekhar,Hjaresen,913,131-1054,COLWICH,KS,67030,M,N,58500,6.45,0,0
Sakti,Ishizuka,404,182-1809,DAHLONEGA,GA,30533,S,Y,73500,6,2700,3000
Moss,Rowland,210,139-1136,DUNCANVILLE,TX,75116,S,Y,24500,0,0,0
WingNing,Serconek,208,194-1289,KUNA,ID,83634,S,Y,14000,5.245172,3300,3300
Teik,Balkir,207,165-1389,NEW PORTLAND,ME,4954,M,N,41000,8.5,0,0
Mohit,Nannarelli,603,167-1595,SPOFFORD,NH,3462,M,N,19500,0,0,0
Douadi,Kogure,304,199-1122,MAYSVILLE,WV,26833,S,Y,34000,4.68,2000,2000
Zeng,DeBellis,701,110-2053,ELLENDALE,ND,58436,M,N,14500,2.1,0,0
Regino,Zadicario,207,114-1237,FRENCHBORO,ME,4635,M,N,29500,8.5,0,0
Pieluigi,Zaitzeff,605,192-1820,WHITEWOOD,SD,57793,M,N,36500,0,0,0
Algirdas,Lindmark,802,133-1457,BRATTLEBORO,VT,5302,S,Y,25000,3.6,3300,3300
Heeju,Birattari,270,124-1752,HAMPTON,KY,42047,M,N,60000,5.166667,0,0
Jiazhen,Uehara,775,130-1704,RENO,NV,89521,S,Y,86500,0,0,0
Lyudmil,Skogmar,913,177-1804,MISSION,KS,66222,M,N,27000,5.8599997,0,0
Taekyoung,Luce,520,110-1033,PHOENIX,AZ,85069,S,x,78500,3.9317498,2100,2300
Rosemary,Melzer,907,130-1634,GAMBELL,AK,99742,M,N,91500,0,0,0
Lennart,Rikino,785,182-1305,HAVILAND,KS,67059,S,Y,73000,6.45,2250,2250
Kanae,Rahavendra,859,179-1797,TAYLORSVILLE,KY,40071,M,N,3000,2,0,0
Bruna,Kyung,707,153-1176,OXNARD,CA,93033,M,N,68500,9.3,0,0
Rayadurgam,Saoudi,x12,115-2043,NEWPORT,PA,17074,S,N,86000,3.07,0,0
Randy,Solworth,219,176-1099,STROH,IN,46789,S,Y,5000,3.4,1000,1000
Davood,Trivedi,505,197-1625,MIAMI,NM,87729,M,N,3000,1.7,0,0
Rozalia,Tanzariello,904,140-1163,LOUGHMAN,FL,33858,S,N,70000,0,0,0
Johnette,Murai,252,167-1995,LINWOOD,NC,27299,M,N,18000,6.11014,0,0
Jocob,Cockcroft,304,139-1662,HUNTINGTON,WV,25712,S,N,22000,3.84,2000,0
Svein,Suwa,717,102-1730,DALLASTOWN,PA,17313,M,N,93500,3.07,0,0
Arding,Viveros,970,169-1092,PARSHALL,CO,80468,M,N,51500,4.63,0,0
Dragutin,Takach,307,163-1406,BUFORD,WY,82052,M,N,45500,0,0,0
Xiong,Morisio,202,188-1602,WASHINGTON,DC,20537,S,Y,72500,9,1370,1370
Ilsoo,Czapiewski,208,160-1988,BOISE,ID,83713,S,Y,80000,7.8,3300,3300
Madhura,Adamex,860,194-1317,ROGERS,CT,6263,S,Y,87500,5,12750,0
Lai,Yarnikh,808,180-1108,CHALKYITSIK,HI,96849,M,N,76500,8.25,0,0
Fumiyo,Terris,401,151-1124,NARRAGANSETT,RI,2882,M,Y,1000,0,0,0
Jianqiang,Deppe,817,189-1473,EL PASO,TX,79996,S,Y,9500,0,0,0
Burt,Shobatake,907,143-1566,NIGHTMUTE,AK,99690,M,N,33500,0,0,0
Seonghun,Rotem,559,170-1880,MIDWAY CITY,CA,92655,M,N,93000,9.3,0,0
Mutsunori,Pavlovsky,636,166-1189,TRIPLETT,MO,65286,M,N,29500,6,0,0
Gregoris,Olano,662,101-1657,MONTICELLO,MS,39654,S,N,76000,5,6000,0
Viviane,Kinley,603,108-1732,ASHLAND,NH,3217,M,N,46000,0,0,0
Morton,Diefendorff,848,179-1625,TRENTON,NJ,8647,S,N,70000,2.1885417,1000,0
Rildo,Heinzelmann,740,147-1371,DELLROY,OH,44620,S,N,86000,3.4007845,1300,0
Liv,Nocetti,206,117-1145,SEATTLE,WA,98189,M,N,67000,0,0,0
Freeman,Granlund,636,195-1218,BLAND,MO,65014,M,N,71000,6,0,0
Nacer,Pappas,954,156-1805,CRESTVIEW,FL,32539,M,N,1500,0,0,0
Motoyuki,Grigoryev,810,148-2071,FLINT,MI,48554,M,N,18500,3.9,0,0
Ales,Cypher,406,169-1246,ASHLAND,MT,59003,M,N,25500,6.9,0,0
Gongzhu,Keskin,760,150-1573,BAKERSFIELD,CA,93306,M,N,49000,9.3,0,0
Clovis,Hanatani,813,120-1131,YANKEETOWN,FL,34498,M,N,11000,0,0,0
Xiaoqun,Delcourt,208,104-1827,DEARY,ID,83823,S,Y,33500,7.8,3300,3300
Akihiko,Cudia,812,x36-x464,DUNKIRK,IN,47336,S,Y,46000,3.4,1000,1000
Hariolf,Baudino,253,174-2098,SULTAN,WA,98294,x,N,10000,0,0,0
Boyce,Ouellet,502,173-1119,FAIRDALE,KY,40118,M,N,35500,3.8055556,0,0
Clare,Kaushik,860,112-1335,HARTFORD,CT,6146,M,N,7500,3,0,0
Shinobu,Morisio,907,144-1971,POINT HOPE,AK,99766,M,N,97000,0,0,0
Wagdy,Chenoweth,708,144-1534,VERNON HILLS,IL,60061,S,Y,91000,3,2000,2000
Kamil,Ouhyoung,405,146-1847,CHECOTAH,OK,74426,S,Y,91500,6.25,1888,1000
Perdita,Rachev,603,156-1779,NEW CASTLE,NH,3854,M,N,33000,0,0,0
Hideyuki,Mills,908,115-1843,HIGH BRIDGE,NJ,8829,S,Y,64000,2.0939167,1000,1500
Abdelaziz,Nadig,401,168-1691,PROVIDENCE,RI,2905,M,N,88000,0,0,0
Mashes,Soleimanipour,870,138-1283,HOT SPRINGS VILLAGE,AR,35571,S,Y,98500,7,20,20
Ahish,Goto,703,126-1747,BRISTOL,VA,24203,M,N,46000,5.75,0,0
Heung,Spray,563,126-1654,CEDAR RAPIDS,IA,52410,S,Y,15500,2.556952,40,40
Okihiko,Guimaraes,609,106-1245,SUCCASUNNA,NJ,7876,M,N,61500,2.0544896,0,0
Kewal,Padubidri,734,107-1617,BLANCHARD,MI,49310,M,N,10500,3.9,0,0
Vladimir,Tzvieli,281,175-1198,ARLINGTON,TX,76018,S,Y,28000,0,0,0
Jongmoo,Caticha,740,121-2049,QUINCY,OH,43343,M,N,60500,2.5543156,0,0
Philipe,Bruchert,401,166-1140,WEST GREENWICH,RI,2817,S,Y,51500,0,0,0
Amparo,Castan,480,172-1699,PHOENIX,AZ,85881,M,N,6000,2.87,0,0
Zine,Ndumu,206,132-1005,ENTIAT,WA,98822,M,N,90500,0,0,0
Fabrice,Desbois,504,143-1469,PITKIN,LA,70656,M,N,53500,6,0,0
Xiaohua,Winstone,857,199-1523,NORTHAMPTON,MA,1060,S,Y,56500,5.3,3575,1000
Mohamad,Syme,425,192-1202,GOLD BAR,WA,98251,M,N,29500,0,0,0
Faiza,Goffin,205,153-1676,ATMORE,AL,36503,S,N,20500,5,1500,0
Nirmal,Mussa,479,186-1513,SWIFTON,AR,72471,M,N,7588,1.9802797,0,0
Ron,Pietra,60x,137-1961,CHATAWA,MS,39632,M,N,1500,3,0,0
Keyun,Schapire,586,144-1972,OAK PARK,MI,48237,S,Y,57000,3.9,3100,3100
M'Lissa,Salvesen,516,151-1775,ELKA PARK,NY,12427,S,Y,93000,4.492378,0,1000
Sankar,Bustard,812,143-2070,MILLHOUSEN,IN,47261,S,Y,79000,3.4,1000,1000
Bouchunx,Noltemeier,404,163-1087,HELEN,GA,30545,S,Y,74000,6,2700,3000
Paklin,Hobbs,207,133-1478,KENNEBUNKPORT,ME,4046,S,Y,31000,8.8,2850,2850
Vasudha,Cannata,731,195-1918,ROAN MOUNTAIN,TN,37687,M,N,74500,0,0,0
Christhard,Ecklund,517,120-1148,HAMBURG,MI,48139,S,Y,69000,3.9,3100,3100
Guang,Signore,314,196-2020,EUNICE,MO,65468,S,Y,32000,6,2100,1200
Donn,Botsch,405,115-1042,BETHANY,OK,73008,S,N,30500,6.25,1000,0
Firoz,Mehlenbacher,859,135-1458,WASHINGTON,KY,41096,S,Y,10500,2.4166667,20,20
Cary,Izumida,304,175-1703,WHITE OAK,WV,25989,S,Y,84000,6.5,2000,2000
Stanislav,Kerstetter,785,100-1179,FULTON,KS,66738,S,Y,67000,6.45,2250,2250
Fumino,Livadas,605,160-1587,SIOUX FALLS,SD,57188,S,Y,8000,0,0,0
Chutimet,Kuvayev,918,103-1127,RED OAK,OK,74563,M,N,35000,6.25,0,0
Kalvis,Mahalanabis,618,104-1632,NEW DOUGLAS,IL,62074,M,N,87500,3,0,0
Martii,Sabbagh,319,189-1880,STOCKPORT,IA,52651,S,Y,64000,8.98,40,40
Shailesh,Lakshmanan,570,159-1769,MCKEESPORT,PA,15131,M,N,93500,3.07,0,0
Nelleke,Dale,402,119-1581,WAUNETA,NE,69045,S,N,55500,6.84,103,0
Ryotaro,Salice,503,113-1941,HAPPY VALLEY,OR,97086,S,Y,76500,9,159,159
Dharma,Cousins,801,158-1481,LEEDS,UT,84746,M,N,16500,7,0,0
Yanggon,Westmeier,304,198-1826,CORA,WV,25614,S,Y,71000,6.5,2000,2000
Lyn,Todesco,307,165-1288,ENCAMPMENT,WY,82325,M,N,5000,0,0,0
Weijia,Gonzalez,334,184-1912,CUBA,AL,36907,M,N,15500,5,0,0
Shushma,Koppstein,208,111-1573,CASCADE,ID,83611,S,Y,96000,7.8,3300,3300
Bedrich,Susskind,307,196-1563,SHIRLEY BASIN,WY,82615,M,N,46000,0,0,0
Balanjaninath,Atchley,562,108-1663,MAGALIA,CA,95954,S,Y,77500,9.3,87,272
Uwe,Mitton,623,127-1354,TORTILLA FLAT,AZ,85190,S,Y,16000,2.9629998,2100,2300
Xiaorong,Nozawa,847,100-1323,DOLTON,IL,60419,S,Y,20000,3,2000,2000
Christelle,Blaschek,907,138-1039,RAYMOND,AK,99643,M,N,78000,0,0,0
Kriton,Hartfield,719,117-1540,DENVER,CO,80257,M,N,78500,4.63,0,0
Theodoros,Papadoupolous,307,124-1251,SINCLAIR,WY,82334,S,Y,43000,0,0,0
Torsten,Buhler,308,112-1115,CRAWFORD,Nx,69339,M,N,32000,6.84,0,0
Suely,Swift,651,145-1873,FLOM,MN,56541,M,N,42000,6.496745,0,0
Gaetan,Leake,848,158-1082,HAZLET,NJ,7730,M,N,48000,1.8415833,0,0
Minghui,Tsukuda,505,124-1952,PINON,NM,87125,S,Y,65000,5.3,3300,3300
Danijela,Rector,602,119-1742,PHOENIX,AZ,85013,S,Y,81000,3.9705,2100,2300
Hidetosi,Spork,240,162-1490,DUNKIRK,MD,20754,S,Y,28000,4.75,2400,2400
Rubens,Monneau,607,112-2035,BRONX,NY,10499,S,Y,87500,4.4605184,0,1000
Kimberly,Brost,985,106-1134,DUBBERLY,LA,71024,M,N,27500,6,0,0
Daigo,D'Amiano,406,197-2042,MARTIN CITY,MT,59926,S,Y,94500,6.9,1900,1900
Alejandra,Doukas,304,121-1731,SNOWSHOE,WV,26209,S,Y,89500,6.5,2000,2000
Gabor,Lowen,641,121-1844,PLANO,IA,52581,S,Y,77500,8.98,40,40
Osmar,Goldsworthy,208,189-1217,ARIMO,ID,83214,M,N,18500,6.5,0,0
Yoshito,McClurg,775,190-1181,HENDERSON,NV,89002,M,N,16000,0,0,0
Jagannathan,Schapiro,401,145-2045,PROVIDENCE,RI,2901,M,N,96500,0,0,0
Tzu,Dwork,601,183-1027,TINSLEY,MS,39173,M,N,66000,5,0,0
Tomohito,Dangedej,939,103-1331,GUAYANILLA,PR,656,S,Y,87500,0,0,0
Aske,Kambayashi,785,146-1837,SCRANTON,KS,66537,S,N,32500,6.45,2250,0
Ilagit,Rehm,814,133-1629,DANIELSVILLE,PA,18038,M,N,46500,3.07,0,0
Takeyuki,Weisman,802,135-1556,WATERVILLE,VT,5492,S,Y,15000,3.6,3300,3300
Vahid,Godskesen,240,142-1602,MYERSVILLE,MD,21773,S,N,22000,4.75,2400,0
Narain,Hilburn,989,171-1594,KINGSFORD,MI,49802,S,Y,84500,3.9,3100,3100
Bevan,Hooman,304,104-1905,WOODVILLE,WV,25572,M,N,97000,6.5,0,0
Toyofumi,Forti,484,126-1271,PERKASIE,PA,18944,M,Y,33500,3.07,0,0
Servet,Dionysiou,765,155-1859,EVANSVILLE,IN,47735,M,Y,13500,3.4,0,1000
Kazuya,Liddle,719,123-1337,PUEBLO,CO,81009,M,N,25500,4.63,0,0
Barton,Boi,207,150-1860,SANFORD,ME,4073,S,Y,78000,8.5,2858,2850
Efraim,Fontaine,202,133-1389,WASHINGTON,DC,20202,S,Y,69000,9,1370,1370
Clit,Brophy,479,177-1902,CONWAY,AR,72035,M,N,24500,6.043863,0,0
Cristina,Quiniou,208,143-1666,WEISER,ID,83672,S,Y,34000,7.8,3300,3300
Fahiem,Martindale,918,194-1722,POCASSET,OK,73079,M,N,47500,6.25,0,0
Ishantha,Gurevitch,864,179-1002,WALTERBORO,SC,29488,M,N,23000,7,0,0
Neophytos,Beaucoudrey,304,159-1073,DOROTHY,WV,25060,M,N,31000,4.47,0,0
Dharmaraja,Piney,505,157-1096,ALBUQUERQUE,NM,87110,M,N,8000,2.557143,0,0
Narain,Maskit,229,138-1639,ROME,GA,30164,M,N,20500,6,0,0
Jianhua,Strole,509,166-1989,WOODINVILLE,WA,98072,S,Y,79500,0,0,0
